$MeshFormat
4.1 0 8
$EndMeshFormat
$Entities
32 48 18 1
1 5 0 200 0 
2 46.93629903135727 0 200 0 
3 51.93629903135727 5 200 0 
4 51.93629903135727 34.49811849479585 200 0 
5 46.93629903135727 39.49811849479584 200 0 
6 5 39.49811849479584 200 0 
7 0 34.49811849479585 200 0 
8 0 5 200 0 
9 4.400270208298834 30.34951961569255 200 0 
10 4.400270208298834 9.062169735788629 200 0 
11 9.400270208298835 35.34951961569255 200 0 
12 42.6148418656247 35.34951961569255 200 0 
13 47.6148418656247 30.34951961569255 200 0 
14 47.6148418656247 9.062169735788629 200 0 
15 42.6148418656247 4.062169735788629 200 0 
16 9.400270208298835 4.062169735788629 200 0 
17 51.93629903135727 5 0 0 
18 51.93629903135727 34.49811849479585 0 0 
19 46.93629903135727 0 0 0 
20 5 0 0 0 
21 0 5 0 0 
22 0 34.49811849479585 0 0 
23 5 39.49811849479584 0 0 
24 46.93629903135727 39.49811849479584 0 0 
25 47.6148418656247 9.062169735788629 0 0 
26 47.6148418656247 30.34951961569255 0 0 
27 42.6148418656247 35.34951961569255 0 0 
28 9.400270208298835 35.34951961569255 0 0 
29 4.400270208298834 30.34951961569255 0 0 
30 4.400270208298834 9.062169735788629 0 0 
31 9.400270208298835 4.062169735788629 0 0 
32 42.6148418656247 4.062169735788629 0 0 
1 4.999999899999999 -1e-07 199.9999999 46.93629913135727 1e-07 200.0000001 0 2 1 -2 
2 46.93629893135727 -9.999999717180685e-08 199.9999999 51.93629913135727 5.000000099999999 200.0000001 0 2 2 -3 
3 51.93629893135727 4.999999899999999 199.9999999 51.93629913135727 34.49811859479585 200.0000001 0 2 3 -4 
4 46.93629893135727 34.49811839479585 199.9999999 51.93629913135727 39.49811859479585 200.0000001 0 2 4 -5 
5 4.999999899999999 39.49811839479584 199.9999999 46.93629913135727 39.49811859479584 200.0000001 0 2 5 -6 
6 -9.999999983634211e-08 34.49811839479585 199.9999999 5.000000100000001 39.49811859479585 200.0000001 0 2 6 -7 
7 -1e-07 4.999999899999999 199.9999999 1e-07 34.49811859479585 200.0000001 0 2 7 -8 
8 -9.999999983634211e-08 -9.999999983634211e-08 199.9999999 5.0000001 5.0000001 200.0000001 0 2 8 -1 
9 4.400270108298834 9.06216963578863 199.9999999 4.400270308298834 30.34951971569255 200.0000001 0 2 9 -10 
10 4.400270108298835 30.34951951569255 199.9999999 9.400270308298834 35.34951971569254 200.0000001 0 2 9 -11 
11 9.400270108298837 35.34951951569255 199.9999999 42.61484196562471 35.34951971569255 200.0000001 0 2 12 -11 
12 42.6148417656247 30.34951951569255 199.9999999 47.61484196562471 35.34951971569254 200.0000001 0 2 12 -13 
13 47.6148417656247 9.06216963578863 199.9999999 47.61484196562471 30.34951971569255 200.0000001 0 2 14 -13 
14 42.6148417656247 4.062169635788631 199.9999999 47.61484196562471 9.062169835788628 200.0000001 0 2 14 -15 
15 9.400270108298837 4.062169635788629 199.9999999 42.61484196562471 4.062169835788629 200.0000001 0 2 16 -15 
16 4.400270108298835 4.062169635788629 199.9999999 9.400270308298836 9.062169835788627 200.0000001 0 2 16 -10 
17 51.93629893135727 4.999999899999999 -1e-07 51.93629913135727 34.49811859479585 1e-07 0 2 17 -18 
18 46.93629893135727 -9.999999717180685e-08 -1e-07 51.93629913135727 5.000000100000001 1e-07 0 2 17 -19 
19 4.999999899999999 -1e-07 -1e-07 46.93629913135727 1e-07 1e-07 0 2 20 -19 
20 -9.999999983634211e-08 -9.999999983634211e-08 -1e-07 5.000000100000001 5.000000099999999 1e-07 0 2 20 -21 
21 -1e-07 4.999999899999999 -1e-07 1e-07 34.49811859479585 1e-07 0 2 22 -21 
22 -9.999999983634211e-08 34.49811839479585 -1e-07 5.0000001 39.49811859479585 1e-07 0 2 22 -23 
23 4.999999899999999 39.49811839479584 -1e-07 46.93629913135727 39.49811859479584 1e-07 0 2 24 -23 
24 46.93629893135727 34.49811839479585 -1e-07 51.93629913135727 39.49811859479585 1e-07 0 2 24 -18 
25 47.6148417656247 9.06216963578863 -1e-07 47.61484196562471 30.34951971569255 1e-07 0 2 25 -26 
26 42.6148417656247 30.34951951569255 -1e-07 47.61484196562471 35.34951971569254 1e-07 0 2 26 -27 
27 9.400270108298837 35.34951951569255 -1e-07 42.61484196562471 35.34951971569255 1e-07 0 2 27 -28 
28 4.400270108298835 30.34951951569255 -1e-07 9.400270308298836 35.34951971569254 1e-07 0 2 28 -29 
29 4.400270108298834 9.06216963578863 -1e-07 4.400270308298834 30.34951971569255 1e-07 0 2 29 -30 
30 4.400270108298835 4.062169635788629 -1e-07 9.400270308298834 9.062169835788628 1e-07 0 2 30 -31 
31 9.400270108298837 4.062169635788629 -1e-07 42.61484196562471 4.062169835788629 1e-07 0 2 31 -32 
32 42.6148417656247 4.062169635788631 -1e-07 47.61484196562471 9.062169835788628 1e-07 0 2 32 -25 
33 -1e-07 4.9999999 -9.999999406318238e-08 1e-07 5.0000001 200.0000001 0 2 21 -8 
34 -1e-07 34.49811839479585 -9.999999406318238e-08 1e-07 34.49811859479585 200.0000001 0 2 7 -22 
35 46.93629893135727 -1e-07 -9.999999406318238e-08 46.93629913135727 1e-07 200.0000001 0 2 19 -2 
36 4.9999999 -1e-07 -9.999999406318238e-08 5.0000001 1e-07 200.0000001 0 2 1 -20 
37 51.93629893135727 4.9999999 -9.999999406318238e-08 51.93629913135727 5.0000001 200.0000001 0 2 3 -17 
38 51.93629893135727 34.49811839479585 -9.999999406318238e-08 51.93629913135727 34.49811859479585 200.0000001 0 2 18 -4 
39 46.93629893135727 39.49811839479584 -9.999999406318238e-08 46.93629913135727 39.49811859479584 200.0000001 0 2 5 -24 
40 4.9999999 39.49811839479584 -9.999999406318238e-08 5.0000001 39.49811859479584 200.0000001 0 2 23 -6 
41 4.400270108298834 9.06216963578863 -9.999999406318238e-08 4.400270308298834 9.062169835788628 200.0000001 0 2 10 -30 
42 4.400270108298834 30.34951951569255 -9.999999406318238e-08 4.400270308298834 30.34951971569255 200.0000001 0 2 29 -9 
43 42.6148417656247 4.062169635788629 -9.999999406318238e-08 42.61484196562471 4.062169835788629 200.0000001 0 2 15 -32 
44 9.400270108298836 4.062169635788629 -9.999999406318238e-08 9.400270308298834 4.062169835788629 200.0000001 0 2 31 -16 
45 47.6148417656247 9.06216963578863 -9.999999406318238e-08 47.61484196562471 9.062169835788628 200.0000001 0 2 25 -14 
46 47.6148417656247 30.34951951569255 -9.999999406318238e-08 47.61484196562471 30.34951971569255 200.0000001 0 2 13 -26 
47 42.6148417656247 35.34951951569255 -9.999999406318238e-08 42.61484196562471 35.34951971569255 200.0000001 0 2 27 -12 
48 9.400270108298836 35.34951951569255 -9.999999406318238e-08 9.400270308298834 35.34951971569255 200.0000001 0 2 11 -28 
1 -1.000000011686097e-07 -1.000000011686097e-07 199.9999999 51.93629913135727 39.49811859479585 200.0000001 0 16 -8 -7 -6 -5 -4 -3 -2 -1 -16 15 -14 13 -12 11 -10 9 
2 -1.000000011686097e-07 -1.000000011686097e-07 -1e-07 51.93629913135727 39.49811859479585 1e-07 0 16 -17 18 -19 20 -21 22 -23 24 25 26 27 28 29 30 31 32 
3 -1e-07 4.999999899999999 -9.999999406318238e-08 1e-07 34.49811859479585 200.0000001 0 4 -34 7 -33 -21 
4 4.999999899999999 -1e-07 -9.999999406318238e-08 46.93629913135727 1e-07 200.0000001 0 4 -36 1 -35 -19 
5 51.93629893135727 4.999999899999999 -9.999999406318238e-08 51.93629913135727 34.49811859479585 200.0000001 0 4 -38 -17 -37 3 
6 4.999999899999999 39.49811839479584 -9.999999406318238e-08 46.93629913135727 39.49811859479584 200.0000001 0 4 -40 -23 -39 5 
7 4.400270108298834 9.06216963578863 -9.999999406318238e-08 4.400270308298834 30.34951971569255 200.0000001 0 4 9 41 -29 42 
8 9.400270108298837 4.062169635788629 -9.999999406318238e-08 42.61484196562471 4.062169835788629 200.0000001 0 4 15 43 -31 44 
9 47.6148417656247 9.06216963578863 -9.999999406318238e-08 47.61484196562471 30.34951971569255 200.0000001 0 4 -25 45 13 46 
10 9.400270108298837 35.34951951569255 -9.999999406318238e-08 42.61484196562471 35.34951971569255 200.0000001 0 4 -27 47 11 48 
11 42.6148417656247 4.062169635788631 -9.999999406318238e-08 47.61484196562471 9.062169835788627 200.0000001 0 4 43 32 45 14 
12 4.400270108298834 4.062169635788628 -9.999999406318238e-08 9.400270308298833 9.062169835788628 200.0000001 0 4 41 30 44 16 
13 46.93629893135727 -9.999999717180685e-08 -9.999999406318238e-08 51.93629913135727 5.000000100000001 200.0000001 0 4 -2 -35 -18 -37 
14 -9.999999983634211e-08 -9.999999983634211e-08 -9.999999406318238e-08 5.000000100000001 5.000000099999999 200.0000001 0 4 -8 -33 -20 -36 
15 42.6148417656247 30.34951951569255 -9.999999406318238e-08 47.61484196562471 35.34951971569254 200.0000001 0 4 46 26 47 12 
16 4.400270108298834 30.34951951569255 -9.999999406318238e-08 9.400270308298834 35.34951971569255 200.0000001 0 4 48 28 42 10 
17 46.93629893135727 34.49811839479585 -9.999999406318238e-08 51.93629913135727 39.49811859479585 200.0000001 0 4 -4 -38 -24 -39 
18 -9.999999983634211e-08 34.49811839479585 -9.999999406318238e-08 5.0000001 39.49811859479585 200.0000001 0 4 -6 -40 -22 -34 
1 -1.000000011686097e-07 -1.000000011686097e-07 -9.999999406318238e-08 51.93629913135727 39.49811859479585 200.0000001 0 18 -1 2 -3 -4 -5 -6 7 8 9 10 -11 -12 13 14 -15 -16 17 18 
$EndEntities
$Nodes
99 1080 1 1080
0 1 0 1
1
5 0 200
0 2 0 1
2
46.93629903135727 0 200
0 3 0 1
3
51.93629903135727 5 200
0 4 0 1
4
51.93629903135727 34.49811849479585 200
0 5 0 1
5
46.93629903135727 39.49811849479584 200
0 6 0 1
6
5 39.49811849479584 200
0 7 0 1
7
0 34.49811849479585 200
0 8 0 1
8
0 5 200
0 9 0 1
9
4.400270208298834 30.34951961569255 200
0 10 0 1
10
4.400270208298834 9.062169735788629 200
0 11 0 1
11
9.400270208298835 35.34951961569255 200
0 12 0 1
12
42.6148418656247 35.34951961569255 200
0 13 0 1
13
47.6148418656247 30.34951961569255 200
0 14 0 1
14
47.6148418656247 9.062169735788629 200
0 15 0 1
15
42.6148418656247 4.062169735788629 200
0 16 0 1
16
9.400270208298835 4.062169735788629 200
0 17 0 1
17
51.93629903135727 5 0
0 18 0 1
18
51.93629903135727 34.49811849479585 0
0 19 0 1
19
46.93629903135727 0 0
0 20 0 1
20
5 0 0
0 21 0 1
21
0 5 0
0 22 0 1
22
0 34.49811849479585 0
0 23 0 1
23
5 39.49811849479584 0
0 24 0 1
24
46.93629903135727 39.49811849479584 0
0 25 0 1
25
47.6148418656247 9.062169735788629 0
0 26 0 1
26
47.6148418656247 30.34951961569255 0
0 27 0 1
27
42.6148418656247 35.34951961569255 0
0 28 0 1
28
9.400270208298835 35.34951961569255 0
0 29 0 1
29
4.400270208298834 30.34951961569255 0
0 30 0 1
30
4.400270208298834 9.062169735788629 0
0 31 0 1
31
9.400270208298835 4.062169735788629 0
0 32 0 1
32
42.6148418656247 4.062169735788629 0
1 1 0 4
33
34
35
36
13.38725980627144 0 200
21.77451961254289 0 200
30.16177941881433 0 200
38.54903922508579 0 200
1 2 0 1
37
50.47183293729001 1.464466094067264 200
1 3 0 2
38
39
51.93629903135727 14.83270616493195 200
51.93629903135727 24.66541232986389 200
1 4 0 1
40
50.47183293729001 38.03365240072858 200
1 5 0 4
41
42
43
44
38.54903922508581 39.49811849479584 200
30.16177941881437 39.49811849479584 200
21.77451961254291 39.49811849479584 200
13.38725980627146 39.49811849479584 200
1 6 0 1
45
1.464466094067263 38.03365240072858 200
1 7 0 2
46
47
0 24.66541232986388 200
0 14.83270616493191 200
1 8 0 1
48
1.464466094067262 1.464466094067263 200
1 9 0 2
49
50
4.400270208298834 23.25373632239123 200
4.400270208298834 16.15795302908992 200
1 10 0 1
51
5.864736302366097 33.88505352162528 200
1 11 0 3
52
53
54
34.31119895129326 35.34951961569255 200
26.00755603696181 35.34951961569255 200
17.70391312263034 35.34951961569255 200
1 12 0 1
55
46.15037577155744 33.88505352162528 200
1 13 0 2
56
57
47.6148418656247 16.15795302908995 200
47.6148418656247 23.25373632239125 200
1 14 0 1
58
46.15037577155744 5.526635829855893 200
1 15 0 3
59
60
61
17.70391312263028 4.062169735788629 200
26.00755603696172 4.062169735788629 200
34.31119895129319 4.062169735788629 200
1 16 0 1
62
5.864736302366098 5.52663582985589 200
1 17 0 2
63
64
51.93629903135727 14.83270616493195 0
51.93629903135727 24.66541232986389 0
1 18 0 1
65
50.47183293729001 1.464466094067264 0
1 19 0 4
66
67
68
69
13.38725980627144 0 0
21.77451961254289 0 0
30.16177941881433 0 0
38.54903922508579 0 0
1 20 0 1
70
1.464466094067263 1.464466094067261 0
1 21 0 2
71
72
0 24.66541232986388 0
0 14.83270616493191 0
1 22 0 1
73
1.464466094067262 38.03365240072858 0
1 23 0 4
74
75
76
77
38.54903922508581 39.49811849479584 0
30.16177941881437 39.49811849479584 0
21.77451961254291 39.49811849479584 0
13.38725980627146 39.49811849479584 0
1 24 0 1
78
50.47183293729001 38.03365240072858 0
1 25 0 2
79
80
47.6148418656247 16.15795302908995 0
47.6148418656247 23.25373632239125 0
1 26 0 1
81
46.15037577155744 33.88505352162528 0
1 27 0 3
82
83
84
34.31119895129326 35.34951961569255 0
26.00755603696181 35.34951961569255 0
17.70391312263034 35.34951961569255 0
1 28 0 1
85
5.864736302366098 33.88505352162529 0
1 29 0 2
86
87
4.400270208298834 23.25373632239123 0
4.400270208298834 16.15795302908992 0
1 30 0 1
88
5.864736302366097 5.526635829855891 0
1 31 0 3
89
90
91
17.70391312263028 4.062169735788629 0
26.00755603696172 4.062169735788629 0
34.31119895129319 4.062169735788629 0
1 32 0 1
92
46.15037577155744 5.526635829855893 0
1 33 0 19
93
94
95
96
97
98
99
100
101
102
103
104
105
106
107
108
109
110
111
0 5 10
0 5 20
0 5 30
0 5 40
0 5 50
0 5 60
0 5 70
0 5 80
0 5 90
0 5 100
0 5 110
0 5 120
0 5 130
0 5 140
0 5 150
0 5 160
0 5 170
0 5 180
0 5 190
1 34 0 19
112
113
114
115
116
117
118
119
120
121
122
123
124
125
126
127
128
129
130
0 34.49811849479585 190
0 34.49811849479585 180
0 34.49811849479585 170
0 34.49811849479585 160
0 34.49811849479585 150
0 34.49811849479585 140
0 34.49811849479585 130
0 34.49811849479585 120
0 34.49811849479585 110
0 34.49811849479585 100
0 34.49811849479585 90
0 34.49811849479585 80
0 34.49811849479585 70
0 34.49811849479585 60
0 34.49811849479585 50
0 34.49811849479585 40
0 34.49811849479585 30
0 34.49811849479585 20
0 34.49811849479585 10
1 35 0 19
131
132
133
134
135
136
137
138
139
140
141
142
143
144
145
146
147
148
149
46.93629903135727 0 10
46.93629903135727 0 20
46.93629903135727 0 30
46.93629903135727 0 40
46.93629903135727 0 50
46.93629903135727 0 60
46.93629903135727 0 70
46.93629903135727 0 80
46.93629903135727 0 90
46.93629903135727 0 100
46.93629903135727 0 110
46.93629903135727 0 120
46.93629903135727 0 130
46.93629903135727 0 140
46.93629903135727 0 150
46.93629903135727 0 160
46.93629903135727 0 170
46.93629903135727 0 180
46.93629903135727 0 190
1 36 0 19
150
151
152
153
154
155
156
157
158
159
160
161
162
163
164
165
166
167
168
5 0 190
5 0 180
5 0 170
5 0 160
5 0 150
5 0 140
5 0 130
5 0 120
5 0 110
5 0 100
5 0 90
5 0 80
5 0 70
5 0 60
5 0 50
5 0 40
5 0 30
5 0 20
5 0 10
1 37 0 19
169
170
171
172
173
174
175
176
177
178
179
180
181
182
183
184
185
186
187
51.93629903135727 5 190
51.93629903135727 5 180
51.93629903135727 5 170
51.93629903135727 5 160
51.93629903135727 5 150
51.93629903135727 5 140
51.93629903135727 5 130
51.93629903135727 5 120
51.93629903135727 5 110
51.93629903135727 5 100
51.93629903135727 5 90
51.93629903135727 5 80
51.93629903135727 5 70
51.93629903135727 5 60
51.93629903135727 5 50
51.93629903135727 5 40
51.93629903135727 5 30
51.93629903135727 5 20
51.93629903135727 5 10
1 38 0 19
188
189
190
191
192
193
194
195
196
197
198
199
200
201
202
203
204
205
206
51.93629903135727 34.49811849479585 10
51.93629903135727 34.49811849479585 20
51.93629903135727 34.49811849479585 30
51.93629903135727 34.49811849479585 40
51.93629903135727 34.49811849479585 50
51.93629903135727 34.49811849479585 60
51.93629903135727 34.49811849479585 70
51.93629903135727 34.49811849479585 80
51.93629903135727 34.49811849479585 90
51.93629903135727 34.49811849479585 100
51.93629903135727 34.49811849479585 110
51.93629903135727 34.49811849479585 120
51.93629903135727 34.49811849479585 130
51.93629903135727 34.49811849479585 140
51.93629903135727 34.49811849479585 150
51.93629903135727 34.49811849479585 160
51.93629903135727 34.49811849479585 170
51.93629903135727 34.49811849479585 180
51.93629903135727 34.49811849479585 190
1 39 0 19
207
208
209
210
211
212
213
214
215
216
217
218
219
220
221
222
223
224
225
46.93629903135727 39.49811849479584 190
46.93629903135727 39.49811849479584 180
46.93629903135727 39.49811849479584 170
46.93629903135727 39.49811849479584 160
46.93629903135727 39.49811849479584 150
46.93629903135727 39.49811849479584 140
46.93629903135727 39.49811849479584 130
46.93629903135727 39.49811849479584 120
46.93629903135727 39.49811849479584 110
46.93629903135727 39.49811849479584 100
46.93629903135727 39.49811849479584 90
46.93629903135727 39.49811849479584 80
46.93629903135727 39.49811849479584 70
46.93629903135727 39.49811849479584 60
46.93629903135727 39.49811849479584 50
46.93629903135727 39.49811849479584 40
46.93629903135727 39.49811849479584 30
46.93629903135727 39.49811849479584 20
46.93629903135727 39.49811849479584 10
1 40 0 19
226
227
228
229
230
231
232
233
234
235
236
237
238
239
240
241
242
243
244
5 39.49811849479584 10
5 39.49811849479584 20
5 39.49811849479584 30
5 39.49811849479584 40
5 39.49811849479584 50
5 39.49811849479584 60
5 39.49811849479584 70
5 39.49811849479584 80
5 39.49811849479584 90
5 39.49811849479584 100
5 39.49811849479584 110
5 39.49811849479584 120
5 39.49811849479584 130
5 39.49811849479584 140
5 39.49811849479584 150
5 39.49811849479584 160
5 39.49811849479584 170
5 39.49811849479584 180
5 39.49811849479584 190
1 41 0 19
245
246
247
248
249
250
251
252
253
254
255
256
257
258
259
260
261
262
263
4.400270208298834 9.062169735788629 190
4.400270208298834 9.062169735788629 180
4.400270208298834 9.062169735788629 170
4.400270208298834 9.062169735788629 160
4.400270208298834 9.062169735788629 150
4.400270208298834 9.062169735788629 140
4.400270208298834 9.062169735788629 130
4.400270208298834 9.062169735788629 120
4.400270208298834 9.062169735788629 110
4.400270208298834 9.062169735788629 100
4.400270208298834 9.062169735788629 90
4.400270208298834 9.062169735788629 80
4.400270208298834 9.062169735788629 70
4.400270208298834 9.062169735788629 60
4.400270208298834 9.062169735788629 50
4.400270208298834 9.062169735788629 40
4.400270208298834 9.062169735788629 30
4.400270208298834 9.062169735788629 20
4.400270208298834 9.062169735788629 10
1 42 0 19
264
265
266
267
268
269
270
271
272
273
274
275
276
277
278
279
280
281
282
4.400270208298834 30.34951961569255 10
4.400270208298834 30.34951961569255 20
4.400270208298834 30.34951961569255 30
4.400270208298834 30.34951961569255 40
4.400270208298834 30.34951961569255 50
4.400270208298834 30.34951961569255 60
4.400270208298834 30.34951961569255 70
4.400270208298834 30.34951961569255 80
4.400270208298834 30.34951961569255 90
4.400270208298834 30.34951961569255 100
4.400270208298834 30.34951961569255 110
4.400270208298834 30.34951961569255 120
4.400270208298834 30.34951961569255 130
4.400270208298834 30.34951961569255 140
4.400270208298834 30.34951961569255 150
4.400270208298834 30.34951961569255 160
4.400270208298834 30.34951961569255 170
4.400270208298834 30.34951961569255 180
4.400270208298834 30.34951961569255 190
1 43 0 19
283
284
285
286
287
288
289
290
291
292
293
294
295
296
297
298
299
300
301
42.6148418656247 4.062169735788629 190
42.6148418656247 4.062169735788629 180
42.6148418656247 4.062169735788629 170
42.6148418656247 4.062169735788629 160
42.6148418656247 4.062169735788629 150
42.6148418656247 4.062169735788629 140
42.6148418656247 4.062169735788629 130
42.6148418656247 4.062169735788629 120
42.6148418656247 4.062169735788629 110
42.6148418656247 4.062169735788629 100
42.6148418656247 4.062169735788629 90
42.6148418656247 4.062169735788629 80
42.6148418656247 4.062169735788629 70
42.6148418656247 4.062169735788629 60
42.6148418656247 4.062169735788629 50
42.6148418656247 4.062169735788629 40
42.6148418656247 4.062169735788629 30
42.6148418656247 4.062169735788629 20
42.6148418656247 4.062169735788629 10
1 44 0 19
302
303
304
305
306
307
308
309
310
311
312
313
314
315
316
317
318
319
320
9.400270208298835 4.062169735788629 10
9.400270208298835 4.062169735788629 20
9.400270208298835 4.062169735788629 30
9.400270208298835 4.062169735788629 40
9.400270208298835 4.062169735788629 50
9.400270208298835 4.062169735788629 60
9.400270208298835 4.062169735788629 70
9.400270208298835 4.062169735788629 80
9.400270208298835 4.062169735788629 90
9.400270208298835 4.062169735788629 100
9.400270208298835 4.062169735788629 110
9.400270208298835 4.062169735788629 120
9.400270208298835 4.062169735788629 130
9.400270208298835 4.062169735788629 140
9.400270208298835 4.062169735788629 150
9.400270208298835 4.062169735788629 160
9.400270208298835 4.062169735788629 170
9.400270208298835 4.062169735788629 180
9.400270208298835 4.062169735788629 190
1 45 0 19
321
322
323
324
325
326
327
328
329
330
331
332
333
334
335
336
337
338
339
47.6148418656247 9.062169735788629 10
47.6148418656247 9.062169735788629 20
47.6148418656247 9.062169735788629 30
47.6148418656247 9.062169735788629 40
47.6148418656247 9.062169735788629 50
47.6148418656247 9.062169735788629 60
47.6148418656247 9.062169735788629 70
47.6148418656247 9.062169735788629 80
47.6148418656247 9.062169735788629 90
47.6148418656247 9.062169735788629 100
47.6148418656247 9.062169735788629 110
47.6148418656247 9.062169735788629 120
47.6148418656247 9.062169735788629 130
47.6148418656247 9.062169735788629 140
47.6148418656247 9.062169735788629 150
47.6148418656247 9.062169735788629 160
47.6148418656247 9.062169735788629 170
47.6148418656247 9.062169735788629 180
47.6148418656247 9.062169735788629 190
1 46 0 19
340
341
342
343
344
345
346
347
348
349
350
351
352
353
354
355
356
357
358
47.6148418656247 30.34951961569255 190
47.6148418656247 30.34951961569255 180
47.6148418656247 30.34951961569255 170
47.6148418656247 30.34951961569255 160
47.6148418656247 30.34951961569255 150
47.6148418656247 30.34951961569255 140
47.6148418656247 30.34951961569255 130
47.6148418656247 30.34951961569255 120
47.6148418656247 30.34951961569255 110
47.6148418656247 30.34951961569255 100
47.6148418656247 30.34951961569255 90
47.6148418656247 30.34951961569255 80
47.6148418656247 30.34951961569255 70
47.6148418656247 30.34951961569255 60
47.6148418656247 30.34951961569255 50
47.6148418656247 30.34951961569255 40
47.6148418656247 30.34951961569255 30
47.6148418656247 30.34951961569255 20
47.6148418656247 30.34951961569255 10
1 47 0 19
359
360
361
362
363
364
365
366
367
368
369
370
371
372
373
374
375
376
377
42.6148418656247 35.34951961569255 10
42.6148418656247 35.34951961569255 20
42.6148418656247 35.34951961569255 30
42.6148418656247 35.34951961569255 40
42.6148418656247 35.34951961569255 50
42.6148418656247 35.34951961569255 60
42.6148418656247 35.34951961569255 70
42.6148418656247 35.34951961569255 80
42.6148418656247 35.34951961569255 90
42.6148418656247 35.34951961569255 100
42.6148418656247 35.34951961569255 110
42.6148418656247 35.34951961569255 120
42.6148418656247 35.34951961569255 130
42.6148418656247 35.34951961569255 140
42.6148418656247 35.34951961569255 150
42.6148418656247 35.34951961569255 160
42.6148418656247 35.34951961569255 170
42.6148418656247 35.34951961569255 180
42.6148418656247 35.34951961569255 190
1 48 0 19
378
379
380
381
382
383
384
385
386
387
388
389
390
391
392
393
394
395
396
9.400270208298835 35.34951961569255 190
9.400270208298835 35.34951961569255 180
9.400270208298835 35.34951961569255 170
9.400270208298835 35.34951961569255 160
9.400270208298835 35.34951961569255 150
9.400270208298835 35.34951961569255 140
9.400270208298835 35.34951961569255 130
9.400270208298835 35.34951961569255 120
9.400270208298835 35.34951961569255 110
9.400270208298835 35.34951961569255 100
9.400270208298835 35.34951961569255 90
9.400270208298835 35.34951961569255 80
9.400270208298835 35.34951961569255 70
9.400270208298835 35.34951961569255 60
9.400270208298835 35.34951961569255 50
9.400270208298835 35.34951961569255 40
9.400270208298835 35.34951961569255 30
9.400270208298835 35.34951961569255 20
9.400270208298835 35.34951961569255 10
2 1 0 12
397
398
399
400
401
402
403
404
405
406
407
408
3.705802593226115 36.04976336509814 200
48.25654817530366 36.04839173580879 200
3.703450638581407 3.420192420342593 200
48.25891948620581 3.421568193053177 200
2.810199363156162 32.7678133174626 200
2.835423014400833 6.342920993169122 200
49.16716115417348 32.75664162931812 200
7.362515546432526 36.98487012683883 200
49.14298681834912 6.358123559232704 200
7.352553399546613 2.483323027987667 200
44.60999847107145 36.98661042301921 200
44.62013171921122 2.481534444146302 200
2 2 0 12
409
410
411
412
413
414
415
416
417
418
419
420
3.705802593226112 36.04976336509814 0
48.25654817530367 36.04839173580878 0
3.703450638581407 3.420192420342592 0
48.25891948620581 3.421568193053177 0
2.810199363156161 32.7678133174626 0
2.835423014400831 6.342920993169121 0
49.16716115417348 32.75664162931812 0
7.362515546432519 36.98487012683882 0
49.14298681834912 6.358123559232698 0
7.352553399546613 2.483323027987667 0
44.60999847107146 36.9866104230192 0
44.62013171921122 2.481534444146302 0
2 3 0 59
421
422
423
424
425
426
427
428
429
430
431
432
433
434
435
436
437
438
439
440
441
442
443
444
445
446
447
448
449
450
451
452
453
454
455
456
457
458
459
460
461
462
463
464
465
466
467
468
469
470
471
472
473
474
475
476
477
478
479
0 19.74905924739793 9.362303220654951
0 19.74905924739791 190.637696779345
0 25.83786445695146 64.99999999999997
0 26.27243061576433 85
0 13.66025403784439 125
0 25.83786445695146 25.00000000000003
0 25.83786445695146 45
0 13.13572068556379 105.1563503840075
0 13.66025403784439 145
0 13.66025403784439 165
0 25.83786445695146 155
0 25.83786445695146 135
0 25.83786445695146 175
0 25.83786445695146 115
0 13.13572068556379 74.84364961599256
0 13.66025403784439 35
0 13.66025403784439 55
0 25.83816469657679 165.0005200302855
0 25.83786445695146 125
0 26.34485830889981 95
0 17.28909591623968 90
0 26.08140065454191 75
0 13.66025403784438 115
0 25.83786445695146 145
0 26.08454290833962 105
0 13.66025403784439 25
0 13.66025403784439 44.99999999999997
0 13.66025403784437 65
0 13.66025403784439 135
0 13.66025403784439 155
0 13.66025403784439 175
0 25.8378644569515 54.99999999999997
0 25.83786445695148 35.00000000000006
0 26.94357290595049 184.7267069693654
0 12.55454558884534 184.7267069693654
0 26.94357290595054 15.27329303063459
0 12.55454558884536 15.27329303063456
0 12.04196479475756 97.03127007680148
0 12.04196479475756 82.96872992319854
0 19.74905924739792 170.0000771910687
0 19.74934124419644 160.0003534526655
0 19.74905924739793 50
0 19.70821774238063 69.97394160266546
0 19.74905924739792 130
0 19.74910624686434 150.0000589087776
0 19.74906708064233 140.0000098181296
0 19.74905924739792 120
0 19.70874145134692 110.0260583973346
0 19.74905924739792 59.99999999999997
0 19.74905924739786 30.00000000000003
0 19.74905924739792 39.99999999999997
0 19.42946197890115 79.81176200185858
0 19.43593252787221 100.1882379981414
0 19.74905924739792 180.0151979848574
0 19.74905924739792 19.98481488032073
0 27.32921749436396 192.7851358200212
0 27.32921749436408 7.21486417997869
0 12.16890100043186 192.7851358200212
0 12.16890100043175 7.214864179978633
2 4 0 86
480
481
482
483
484
485
486
487
488
489
490
491
492
493
494
495
496
497
498
499
500
501
502
503
504
505
506
507
508
509
510
511
512
513
514
515
516
517
518
519
520
521
522
523
524
525
526
527
528
529
530
531
532
533
534
535
536
537
538
539
540
541
542
543
544
545
546
547
548
549
550
551
552
553
554
555
556
557
558
559
560
561
562
563
564
565
25.96814951567861 0 192.7364199396288
25.96814951567861 0 7.263580060371225
37.47427268639076 0 35.9457580193415
38.27604499351288 0 55
38.27604499351288 0 75
38.27604499351288 0 95
38.27604499351288 0 115
37.42719901807551 0 133.9219453656236
38.27604499351288 0 155
37.58075245293347 0 173.9260474482184
13.54485439467082 0 25.00000637914613
13.63963758893088 0 165.016037642912
13.4185853599983 0 145.0030282761529
13.66025403784439 0 125
13.67157008140276 0 104.9990687049929
13.69502563167332 0 84.99356825669886
13.71915875438225 0 64.97963790497033
13.66025403784439 0 45
38.26215275914243 0 14.48410006125695
13.69375933743327 0 185.4930560899086
38.25361929066152 0 25.01867330575965
29.93439800487403 0 19.99873549008038
13.60196364873146 0 175.0848489554701
21.96822011076995 0 169.6332619340295
21.99112270943894 0 159.9701521022808
31.19639667973408 0 164.4495396775187
23.07519108584431 0 179.5473753822291
38.29208177183926 0 185.3347782402978
13.41707271070421 0 34.9834465814408
21.81305438061577 0 40.32732558970503
22.04177601116039 0 49.96817311220988
31.1882902379366 0 45.47852440246643
13.5319429430146 0 14.51105337599421
29.65743712833188 0 28.51280876187033
13.65172773530677 0 54.9731929082248
22.0832547034869 0 59.94164288739574
22.12469495952188 0 69.95659415898069
31.11059687803055 0 64.98292225124484
13.66962663794886 0 74.97854945540415
22.0879926536069 0 79.97567940713877
22.09055050307357 0 89.99494485424577
31.0885812600042 0 85.0486327862472
13.64255771067187 0 94.99508106511671
22.05358913986802 0 100.0001885571291
22.04974459176666 0 110.0076093096973
31.02993851990914 0 105.0413900335523
13.62016006277662 0 115.0014075561864
22.02775279882898 0 120.0061441897301
21.7800195289453 0 129.5765057456958
31.1814284771329 0 124.4203528642919
13.56259385046654 0 154.9981550867146
22.85248598163837 0 148.9419739001842
38.37041683278838 0 144.4118266809654
29.71680309829815 0 140.3149150918425
13.28553773630405 0 134.929801124488
17.89838753333891 0 193.1574081198782
34.0461685110042 0 193.1268426249538
34.04118034222141 0 6.838514818222563
17.87141813426911 0 6.84699462681192
31.70120975427603 0 179.6763746860518
21.42573929455006 0 21.30933648344816
21.40721399018132 0 30.88354744229264
40.18515843777899 0 164.6751174251474
29.06938366621663 0 155.1821360800305
40.16224119611096 0 45.28485648436157
21.31482027041017 0 139.2514173931744
40.15145411028717 0 124.6684596459831
28.91298187623011 0 114.8950992794543
40.2909253139299 0 105.0082780067104
28.90774088327356 0 95.01703124623486
28.93999256482546 0 55.07425253066339
40.3026538619489 0 85.00972655724945
28.93758214893528 0 74.9927657207223
40.30705698555417 0 64.99658445024897
29.18775116677935 0 173.1884061232092
29.43399891146901 0 186.4703306746351
22.01389727675283 0 187.480918041256
29.99608004689187 0 12.31031436638557
29.13271495847233 0 37.02432944765891
22.26532441477932 0 13.23633078435296
31.35033681764254 0 148.1720533071258
29.04905220930615 0 132.8218032549814
40.94499407783283 0 6.264522975895943
10.99588133540872 0 193.7300928419573
40.95197751412876 0 193.6923241730503
10.95812417671103 0 6.27160960056122
2 5 0 59
566
567
568
569
570
571
572
573
574
575
576
577
578
579
580
581
582
583
584
585
586
587
588
589
590
591
592
593
594
595
596
597
598
599
600
601
602
603
604
605
606
607
608
609
610
611
612
613
614
615
616
617
618
619
620
621
622
623
624
51.93629903135727 19.74905924739792 9.362303220654979
51.93629903135727 19.74905924739792 190.637696779345
51.93629903135727 25.83786445695146 175
51.93629903135727 25.83786445695146 155
51.93629903135727 25.83786445695146 135
51.93629903135727 25.83786445695146 115
51.93629903135727 13.66025403784439 84.99999999999999
51.93629903135727 13.66025403784439 64.99999999999997
51.93629903135727 13.66025403784439 45
51.93629903135727 13.66025403784439 25
51.93629903135727 25.83786445695146 95
51.93629903135727 13.66025403784439 165
51.93629903135727 13.66025403784439 145
51.93629903135727 13.66025403784439 125
51.93629903135727 25.83786445695146 35
51.93629903135727 13.66025403784439 105
51.93629903135727 25.83786445695146 75
51.93629903135727 25.83786445695146 55
51.93629903135727 13.6602540378444 94.99999999999999
51.93629903135727 25.83786445695144 125
51.93629903135727 25.83786445695151 25
51.93629903135727 25.83786445695146 44.99999999999997
51.93629903135727 25.83786445695151 65
51.93629903135727 25.83786445695146 85
51.93629903135727 25.83786445695146 105
51.93629903135727 25.83786445695146 145
51.93629903135727 25.83786445695148 165
51.93629903135727 13.66025403784439 175
51.93629903135727 13.66025403784439 155
51.93629903135727 13.66025403784439 135
51.93629903135727 13.66025403784439 115
51.93629903135727 13.66025403784439 75
51.93629903135727 13.66025403784439 34.99999999999997
51.93629903135727 13.66025403784439 54.99999999999997
51.93629903135727 12.55454558884533 15.27329303063459
51.93629903135727 26.94357290595052 15.27329303063456
51.93629903135727 26.9435729059505 184.7267069693654
51.93629903135727 12.55454558884535 184.7267069693654
51.93629903135727 19.74905924739791 90
51.93629903135727 19.74905924739794 70
51.93629903135727 19.74905924739792 110
51.93629903135727 19.74905924739792 160
51.93629903135727 19.74905924739791 40
51.93629903135727 19.74905924739793 50
51.93629903135727 19.74905924739788 30.00000000000006
51.93629903135727 19.74905924739792 170
51.93629903135727 19.74905924739792 150
51.93629903135727 19.74905924739792 140
51.93629903135727 19.74905924739793 130
51.93629903135727 19.74905924739792 80
51.93629903135727 19.74905924739793 60
51.93629903135727 19.74905924739792 100
51.93629903135727 19.74905924739793 120
51.93629903135727 19.74905924739792 19.98481488032073
51.93629903135727 19.74905924739792 180.0151851196793
51.93629903135727 12.16890100043187 192.7851358200212
51.93629903135727 27.32921749436398 192.7851358200212
51.93629903135727 12.16890100043175 7.21486417997869
51.93629903135727 27.32921749436408 7.214864179978719
2 6 0 86
625
626
627
628
629
630
631
632
633
634
635
636
637
638
639
640
641
642
643
644
645
646
647
648
649
650
651
652
653
654
655
656
657
658
659
660
661
662
663
664
665
666
667
668
669
670
671
672
673
674
675
676
677
678
679
680
681
682
683
684
685
686
687
688
689
690
691
692
693
694
695
696
697
698
699
700
701
702
703
704
705
706
707
708
709
710
25.96814951567864 39.49811849479584 7.263580060371225
25.96814951567864 39.49811849479584 192.7364199396288
37.47427268639075 39.49811849479584 164.0542419806586
38.27604499351288 39.49811849479584 145
38.27604499351288 39.49811849479584 125
38.27604499351288 39.49811849479584 105
37.65470323855877 39.49811849479584 86.06165870296232
37.42549734639735 39.49811849479584 63.91915788030494
38.27604499351288 39.49811849479584 45
37.54163961553941 39.49811849479584 26.06002027835345
13.54485439467082 39.49811849479584 174.9999936208539
13.62515525633112 39.49811849479584 34.96647985184845
13.6700190062105 39.49811849479584 54.98465823901677
13.42248942939072 39.49811849479584 74.99969329575597
13.67157008140276 39.49811849479584 95.00093129500713
13.69502563167331 39.49811849479584 115.0064317433012
13.71915875438225 39.49811849479584 135.0203620950297
13.66025403784439 39.49811849479584 155
38.26215275914242 39.49811849479584 185.515899938743
13.68670831253384 39.49811849479584 14.51910300719601
13.58200624428171 39.49811849479584 24.9198561946572
21.9171401192249 39.49811849479584 30.34256960000053
21.96730857498958 39.49811849479584 39.99071690205886
31.15480014659702 39.49811849479584 35.52497897290226
23.04699745294046 39.49811849479584 20.44847269898008
38.25361929066152 39.49811849479584 174.9813266942404
29.93439800487403 39.49811849479584 180.0012645099196
38.28417104958784 39.49811849479584 14.66306539726776
13.4170727107042 39.49811849479584 165.0165534185592
21.81305438061576 39.49811849479584 159.672674410295
22.0417760111604 39.49811849479584 150.0318268877902
31.18829023793658 39.49811849479584 154.5214755975336
13.53194294301461 39.49811849479584 185.4889466240058
29.65743712833185 39.49811849479584 171.4871912381297
13.59821487127769 39.49811849479584 44.99026365071558
22.00186650852573 39.49811849479584 49.97206766332636
21.77656088433641 39.49811849479584 59.56512636024024
31.11574115985085 39.49811849479584 54.56761686804961
13.65172773530677 39.49811849479584 145.0268070917753
22.0832547034869 39.49811849479584 140.0583571126043
22.12469495952185 39.49811849479584 130.0434058410193
31.11059687803052 39.49811849479584 135.0170777487551
13.66962663794884 39.49811849479584 125.0214505445959
22.08799265360688 39.49811849479584 120.0243205928613
22.09055050307355 39.49811849479584 110.0050551457543
31.08858126000418 39.49811849479584 114.9513672137528
13.64255771067186 39.49811849479584 105.0049189348833
22.053589139868 39.49811849479584 99.99981144287089
22.05299921826295 39.49811849479584 90.40509772269772
31.27072504018045 39.49811849479584 95.56724067459893
13.58107506578371 39.49811849479584 85.06732583183883
22.33939166564586 39.49811849479584 79.99823267757209
13.28728817299404 39.49811849479584 64.92494719129974
38.27677720482035 39.49811849479584 74.99680276387788
29.82828778786973 39.49811849479584 71.35041219479277
17.89721236252233 39.49811849479584 6.847593238612035
34.04118034222142 39.49811849479584 193.1614851817775
17.87141813426914 39.49811849479584 193.1530053731881
34.04485005729568 39.49811849479584 6.872624951214505
31.66556535755284 39.49811849479584 20.31168036630223
21.42573929455006 39.49811849479584 178.6906635165519
21.40721399018128 39.49811849479584 169.1164525577074
40.16901656367278 39.49811849479584 35.31699985025114
28.90315227669521 39.49811849479584 45.01107608126745
40.16224119611095 39.49811849479584 154.7151435156384
40.13797631249513 39.49811849479584 54.69735494967091
21.2813076088519 39.49811849479584 69.42760695896459
31.52850265660112 39.49811849479584 79.97602145869871
40.21481426699333 39.49811849479584 95.32577987551225
28.95589818732781 39.49811849479584 105.1046948953954
28.93999256482546 39.49811849479584 144.9257474693366
40.30265386194889 39.49811849479584 114.9902734427505
28.93758214893526 39.49811849479584 125.0072342792777
40.30705698555417 39.49811849479584 135.003415549751
29.13037445623124 39.49811849479584 26.78922659658295
22.15216941249794 39.49811849479584 12.4094320664596
29.19365047425889 39.49811849479584 13.66147592343259
29.99608004689188 39.49811849479584 187.6896856336144
29.13271495847222 39.49811849479584 162.9756705523411
22.26532441477936 39.49811849479584 186.7636692156472
29.39391330326494 39.49811849479584 87.19411957491985
29.05187327883616 39.49811849479584 62.91627967467502
10.99423609626552 39.49811849479584 6.273339249161609
40.94499407783284 39.49811849479584 193.7354770241041
40.95013167893676 39.49811849479584 6.307138069696464
10.95812417671104 39.49811849479584 193.7283903994388
2 7 0 42
711
712
713
714
715
716
717
718
719
720
721
722
723
724
725
726
727
728
729
730
731
732
733
734
735
736
737
738
739
740
741
742
743
744
745
746
747
748
749
750
751
752
4.400270208298834 20.05432093348674 6.570207257964967
4.400270208298834 19.35736841799442 193.429792742035
4.400270208298834 23.29621316975826 173.2597612755483
4.400270208298834 21.68926557784816 155
4.400270208298834 21.68926557784816 135
4.400270208298834 21.68926557784816 115
4.400270208298834 21.68926557784816 94.99999999999999
4.400270208298834 21.68926557784816 75
4.400270208298834 21.68926557784816 55
4.400270208298834 21.68926557784816 35
4.400270208298834 17.72242377363301 105
4.400270208298834 16.70104150770807 164.7513944679355
4.400270208298834 17.72242377363301 145
4.400270208298834 17.72242377363301 125
4.400270208298834 17.72242377363301 85
4.400270208298834 17.72242377363301 65
4.400270208298834 17.72242377363301 45
4.400270208298834 16.11547618172293 26.74023872445167
4.400270208298834 16.6859187949334 15.47292085463096
4.400270208298834 22.72577055654778 184.527079145369
4.400270208298834 25.66273863805747 193.9938388410577
4.400270208298834 26.06881137892356 5.938601036852106
4.400270208298834 13.34287797255761 194.0613989631479
4.400270208298834 13.7489507134237 6.006161158942291
4.400270208298834 14.62297720243336 185.8355084345895
4.400270208298834 24.78871214904782 14.16449156541049
4.400270208298834 15.16432414045788 175.7120530036941
4.400270208298834 14.38578298329166 155
4.400270208298834 14.38578298329166 135
4.400270208298834 14.38578298329166 75.00000000000001
4.400270208298834 14.38578298329166 55
4.400270208298834 14.38578298329166 35.00000000000003
4.400270208298834 14.38578298329167 115
4.400270208298834 14.38578298329169 95
4.400270208298834 24.1605129775263 24.26680707010999
4.400270208298834 25.02590636818951 45
4.400270208298834 25.02590636818951 65
4.400270208298834 25.02590636818951 85
4.400270208298834 25.02590636818952 105
4.400270208298834 25.02590636818951 125
4.400270208298834 25.02590636818952 145
4.400270208298834 24.47711189733992 164.6022311486968
2 8 0 63
753
754
755
756
757
758
759
760
761
762
763
764
765
766
767
768
769
770
771
772
773
774
775
776
777
778
779
780
781
782
783
784
785
786
787
788
789
790
791
792
793
794
795
796
797
798
799
800
801
802
803
804
805
806
807
808
809
810
811
812
813
814
815
34.03164818040189 4.062169735788629 174.9736958311697
33.95458782778032 4.062169735788629 155
33.95458782778032 4.062169735788629 135
33.95458782778032 4.062169735788629 115
33.95458782778032 4.062169735788629 85.00000000000001
33.95458782778032 4.062169735788629 65.00000000000003
33.95458782778032 4.062169735788629 45.00000000000003
34.03164818040189 4.062169735788629 25.02630416883028
17.97645814328229 4.062169735788629 14.48523059726799
18.06052424614322 4.062169735788629 105
18.06052424614322 4.062169735788629 125
18.06052424614322 4.062169735788629 145
18.06052424614322 4.062169735788629 165
17.97645814328229 4.062169735788629 185.5147694027321
18.06052424614322 4.062169735788629 35
18.06052424614322 4.062169735788629 55
18.06052424614322 4.062169735788629 75
29.89974164581924 4.062169735788629 192.9963965066597
29.89974164581925 4.062169735788629 7.003603493340364
17.80784390977241 4.062169735788629 24.91267817152399
17.80784390977241 4.062169735788629 175.087321828476
33.95458782778033 4.062169735788629 105
18.06052424614327 4.062169735788629 95.00000000000003
18.06052424614327 4.062169735788629 85.00000000000003
33.95458782778033 4.062169735788629 165
33.95458782778034 4.062169735788629 145
18.06052424614321 4.062169735788629 45
18.06052424614322 4.062169735788629 65
18.06052424614322 4.062169735788629 115
18.06052424614322 4.062169735788629 135
18.06052424614322 4.062169735788629 155
33.95458782778026 4.062169735788629 55.00000000000003
33.95458782778025 4.062169735788629 35.00000000000011
33.95458782778032 4.062169735788629 75
33.95458782778038 4.062169735788629 95
33.95458782778036 4.062169735788629 125
22.11730964141718 4.062169735788629 6.783971200815131
22.11730964141719 4.062169735788629 193.2160287991849
34.0118033192902 4.062169735788629 14.46350404709426
34.01180331929017 4.062169735788629 185.5364959529058
25.97288930213273 4.062169735788629 179.6997625417973
25.97288930213272 4.062169735788629 20.30023745820279
26.00202622308789 4.062169735788629 170.0087891213306
26.0020262230878 4.062169735788629 29.99121087866931
26.00755603696177 4.062169735788629 150
26.00663440131612 4.062169735788629 160.0014648535551
26.00755603696176 4.062169735788629 110
26.00755603696179 4.062169735788629 90.00000000000003
26.00755603696177 4.062169735788629 70
26.00755603696178 4.062169735788629 130
26.00755603696178 4.062169735788629 120
26.00755603696177 4.062169735788629 140
26.00755603696178 4.062169735788629 80
26.00755603696177 4.062169735788629 50
26.00755603696179 4.062169735788629 100
26.00755603696175 4.062169735788629 60
26.0066344013161 4.062169735788629 39.99853514644491
25.99904487512358 4.062169735788629 187.3026370616598
25.99904487512359 4.062169735788629 12.69736293834029
15.31964426478549 4.062169735788629 6.253840359616618
15.31964426478548 4.062169735788629 193.7461596403834
36.69048552953041 4.062169735788629 193.7065784919131
36.69048552953041 4.062169735788629 6.293421508086908
2 9 0 42
816
817
818
819
820
821
822
823
824
825
826
827
828
829
830
831
832
833
834
835
836
837
838
839
840
841
842
843
844
845
846
847
848
849
850
851
852
853
854
855
856
857
47.6148418656247 19.35736841799444 193.429792742035
47.6148418656247 20.05432093348674 6.570207257964967
47.6148418656247 21.68926557784816 35
47.6148418656247 17.72242377363301 55
47.6148418656247 21.68926557784816 75
47.6148418656247 21.68926557784816 94.99999999999999
47.6148418656247 21.68926557784816 115
47.6148418656247 21.68926557784816 135
47.6148418656247 21.68926557784816 155
47.6148418656247 23.29621316975826 173.2597612755483
47.6148418656247 16.11547618172292 26.74023872445167
47.6148418656247 17.72242377363301 125
47.6148418656247 17.72242377363301 145
47.6148418656247 16.70104150770807 164.7513944679355
47.6148418656247 17.72242377363301 85
47.6148418656247 17.72242377363301 105
47.6148418656247 16.15795302908993 43.33333333333334
47.6148418656247 16.15795302908993 66.66666666666669
47.6148418656247 16.68591879493339 15.47292085463096
47.6148418656247 22.72577055654778 184.527079145369
47.6148418656247 25.66273863805748 193.9938388410577
47.6148418656247 26.06881137892354 5.938601036852162
47.6148418656247 13.34287797255762 194.0613989631479
47.6148418656247 13.7489507134237 6.006161158942291
47.6148418656247 24.78871214904778 14.16449156541049
47.6148418656247 14.62297720243337 185.8355084345895
47.6148418656247 23.54909799669095 46.38888888888891
47.6148418656247 14.38578298329166 35.00000000000003
47.6148418656247 14.38578298329166 75.00000000000001
47.6148418656247 14.38578298329169 95
47.6148418656247 14.38578298329167 115
47.6148418656247 14.38578298329166 135
47.6148418656247 14.38578298329166 155
47.6148418656247 15.16432414045788 175.7120530036941
47.6148418656247 24.47711189733992 164.6022311486967
47.6148418656247 25.02590636818951 145
47.6148418656247 25.02590636818951 125
47.6148418656247 25.02590636818951 105
47.6148418656247 25.02590636818951 85
47.6148418656247 23.54909799669095 63.61111111111114
47.6148418656247 25.10393179968 55
47.6148418656247 24.16051297752629 24.26680707010999
2 10 0 63
858
859
860
861
862
863
864
865
866
867
868
869
870
871
872
873
874
875
876
877
878
879
880
881
882
883
884
885
886
887
888
889
890
891
892
893
894
895
896
897
898
899
900
901
902
903
904
905
906
907
908
909
910
911
912
913
914
915
916
917
918
919
920
34.03164818040189 35.34951961569255 25.02630416883031
33.95458782778032 35.34951961569255 45.00000000000003
33.95458782778032 35.34951961569255 65.00000000000003
33.95458782778032 35.34951961569255 85.00000000000001
33.95458782778032 35.34951961569255 105
33.95458782778032 35.34951961569255 125
33.95458782778032 35.34951961569255 145
34.05586024772563 35.34951961569255 164.9742015122288
18.04229136896008 35.34951961569255 185.5122194920742
18.06052424614322 35.34951961569255 55
17.97645814328231 35.34951961569255 14.48523059726799
18.06052424614322 35.34951961569255 115
18.06052424614322 35.34951961569255 155
18.06052424614322 35.34951961569255 135
18.06052424614322 35.34951961569255 95
18.06052424614322 35.34951961569255 75
18.06052424614322 35.34951961569255 35
30.15937749412753 35.34951961569255 192.8088342922343
29.89974164581927 35.34951961569255 7.003603493340364
17.97304489857931 35.34951961569255 175.0492156819349
26.20122206158586 35.34951961569255 179.5241043810601
18.02347884496626 35.34951961569255 165.0641645170253
17.80784390977242 35.34951961569255 24.91267817152399
33.95458782778029 35.34951961569255 115
33.95458782778028 35.34951961569255 95.00000000000004
33.95458782778032 35.34951961569255 135
34.01919517950125 35.34951961569255 155.0015385289961
18.06052424614322 35.34951961569255 145
18.06052424614322 35.34951961569255 125
18.06052424614322 35.34951961569255 105
18.06052424614322 35.34951961569255 85
18.0605242461432 35.34951961569255 65
18.06052424614322 35.34951961569255 44.99999999999997
33.95458782778025 35.34951961569255 35.00000000000011
33.95458782778026 35.34951961569255 55.00000000000003
33.95458782778032 35.34951961569255 75
22.17155448708158 35.34951961569255 193.1829593227656
22.11730964141722 35.34951961569255 6.783971200815188
34.01180331929018 35.34951961569255 14.46350404709423
34.40577343195736 35.34951961569255 174.9167830506239
25.9728893021327 35.34951961569255 20.30023745820276
26.00502627860987 35.34951961569255 170.0023924104547
34.94284827257341 35.34951961569255 185
25.96901273719122 35.34951961569255 160.0612609657199
26.00202622308784 35.34951961569255 29.99121087866936
26.00755603696178 35.34951961569255 130
26.00755603696177 35.34951961569255 140
26.00755603696177 35.34951961569255 80.00000000000001
26.00977236790993 35.34951961569255 150.0053400930881
26.00755603696176 35.34951961569255 110
26.00755603696177 35.34951961569255 70
26.00755603696175 35.34951961569255 90.00000000000001
26.00755603696176 35.34951961569255 50
26.00755603696177 35.34951961569255 120
26.00755603696176 35.34951961569255 60.00000000000003
26.00755603696176 35.34951961569255 100
26.00663440131611 35.34951961569255 39.99853514644491
26.08458193760318 35.34951961569255 187.1047109580195
25.99904487512354 35.34951961569255 12.69736293834023
15.34365987905393 35.34951961569255 193.7390357629679
36.90647921107568 35.34951961569255 193.7075037715483
15.31964426478551 35.34951961569255 6.253840359616646
36.69048552953042 35.34951961569255 6.293421508086908
2 11 0 20
921
922
923
924
925
926
927
928
929
930
931
932
933
934
935
936
937
938
939
940
46.15271462276353 5.528976229299793 185
46.15037577155744 5.526635829855893 195.058119461884
46.15271462276353 5.528976229299793 175
46.15271462276353 5.528976229299793 165
46.15271462276353 5.528976229299793 155
46.15271462276353 5.528976229299793 145
46.15271462276353 5.528976229299793 135
46.15271462276353 5.528976229299793 125
46.15271462276353 5.528976229299793 115
46.15271462276353 5.528976229299793 105
46.15271462276353 5.528976229299793 95
46.15271462276353 5.528976229299793 84.99999999999997
46.15271462276353 5.528976229299793 75
46.15271462276353 5.528976229299793 65
46.15271462276353 5.528976229299793 54.99999999999997
46.15271462276353 5.528976229299793 44.99999999999997
46.15271462276353 5.528976229299793 35
46.15271462276353 5.528976229299793 25
46.15271462276353 5.528976229299793 14.99999999999997
46.15037577155744 5.526635829855896 4.941880538116038
2 12 0 20
941
942
943
944
945
946
947
948
949
950
951
952
953
954
955
956
957
958
959
960
5.867076701809994 5.5242969786498 185
5.864736302366095 5.526635829855893 195.058119461884
5.867076701809998 5.524296978649797 175
5.867076701809998 5.524296978649797 165
5.867076701809998 5.524296978649797 155
5.867076701809994 5.5242969786498 145
5.867076701809998 5.524296978649797 135
5.867076701809998 5.524296978649797 125
5.867076701809998 5.524296978649797 115
5.867076701809994 5.5242969786498 105
5.867076701809998 5.524296978649797 95
5.867076701809998 5.524296978649797 84.99999999999997
5.867076701809998 5.524296978649797 74.99999999999997
5.867076701809998 5.524296978649797 65
5.867076701809994 5.5242969786498 55.00000000000003
5.867076701809998 5.524296978649797 44.99999999999997
5.867076701809994 5.5242969786498 35.00000000000003
5.867076701809998 5.524296978649797 24.99999999999997
5.867076701809998 5.524296978649797 14.99999999999997
5.864736302366095 5.526635829855893 4.941880538116038
2 13 0 20
961
962
963
964
965
966
967
968
969
970
971
972
973
974
975
976
977
978
979
980
50.4741717884961 1.466806493511166 15
50.47183293729001 1.464466094067264 4.941880538116038
50.47183293729001 1.464466094067264 24.92148103468668
50.47183293729001 1.464466094067264 34.92148103468671
50.4741717884961 1.466806493511166 44.99999999999997
50.4741717884961 1.466806493511166 54.99999999999997
50.47183293729001 1.464466094067264 64.92148103468668
50.47183293729001 1.464466094067264 74.92148103468668
50.4741717884961 1.466806493511166 85
50.4741717884961 1.466806493511166 95
50.4741717884961 1.466806493511166 105
50.4741717884961 1.466806493511166 115
50.4741717884961 1.466806493511166 125
50.4741717884961 1.466806493511163 135
50.4741717884961 1.466806493511166 145
50.4741717884961 1.466806493511166 155
50.4741717884961 1.466806493511166 165
50.4741717884961 1.466806493511166 175
50.47183293729001 1.464466094067268 184.9214810346867
50.47183293729001 1.464466094067266 195.058119461884
2 14 0 20
981
982
983
984
985
986
987
988
989
990
991
992
993
994
995
996
997
998
999
1000
1.466806493511164 1.462127242861167 15
1.464466094067263 1.464466094067261 4.941880538116038
1.466806493511164 1.462127242861167 55
1.466806493511164 1.462127242861167 65
1.466806493511164 1.462127242861167 105
1.466806493511164 1.462127242861167 115
1.466806493511164 1.462127242861167 125
1.466806493511164 1.462127242861167 135
1.466806493511164 1.462127242861167 145
1.466806493511164 1.462127242861167 165
1.466806493511164 1.462127242861167 175
1.464466094067263 1.464466094067261 24.92148103468668
1.464466094067263 1.464466094067261 34.92148103468671
1.464466094067263 1.464466094067261 44.92148103468668
1.464466094067263 1.464466094067261 74.92148103468668
1.464466094067266 1.464466094067258 84.92148103468669
1.464466094067263 1.464466094067261 94.92148103468666
1.464466094067263 1.464466094067261 154.9214810346867
1.46446609406726 1.464466094067265 184.9214810346867
1.464466094067263 1.464466094067261 195.058119461884
2 15 0 20
1001
1002
1003
1004
1005
1006
1007
1008
1009
1010
1011
1012
1013
1014
1015
1016
1017
1018
1019
1020
46.14803537211354 33.88739237283137 185
46.15037577155744 33.88505352162528 195.058119461884
46.14803537211354 33.88739237283137 175
46.14803537211354 33.88739237283137 165
46.14803537211354 33.88739237283137 155
46.14803537211354 33.88739237283137 145
46.14803537211354 33.88739237283137 135
46.14803537211354 33.88739237283137 125
46.14803537211354 33.88739237283137 115
46.14803537211354 33.88739237283137 105
46.14803537211354 33.88739237283137 94.99999999999999
46.14803537211354 33.88739237283137 85
46.14803537211354 33.88739237283137 75
46.14803537211354 33.88739237283137 65
46.14803537211354 33.88739237283137 54.99999999999997
46.14803537211354 33.88739237283137 44.99999999999997
46.14803537211354 33.88739237283137 35
46.14803537211354 33.88739237283137 24.99999999999997
46.14803537211354 33.88739237283137 14.99999999999997
46.15037577155744 33.88505352162528 4.941880538116038
2 16 0 20
1021
1022
1023
1024
1025
1026
1027
1028
1029
1030
1031
1032
1033
1034
1035
1036
1037
1038
1039
1040
5.867076701809999 33.88739237283138 35
5.867076701809999 33.88739237283138 85
5.864736302366097 33.88505352162529 94.92148103468668
5.867076701809999 33.88739237283138 135
5.867076701809999 33.88739237283138 15
5.864736302366097 33.88505352162529 4.941880538116038
5.864736302366099 33.88505352162529 25.07851896531335
5.867076701809999 33.88739237283138 45
5.867076701809999 33.88739237283138 54.99999999999997
5.867076701809999 33.88739237283138 65
5.864736302366097 33.88505352162529 75.07851896531331
5.867076701809999 33.88739237283138 105
5.867076701809999 33.88739237283138 115
5.864736302366097 33.88505352162529 125.0785189653133
5.867076701809999 33.88739237283138 145
5.867076701809999 33.88739237283138 155
5.867076701809999 33.88739237283138 165
5.867076701809999 33.88739237283138 175
5.867076701809999 33.88739237283138 185
5.864736302366095 33.88505352162528 195.058119461884
2 17 0 20
1041
1042
1043
1044
1045
1046
1047
1048
1049
1050
1051
1052
1053
1054
1055
1056
1057
1058
1059
1060
50.46949253784611 38.03599125193468 15
50.47183293729001 38.03365240072858 4.941880538116038
50.46949253784611 38.03599125193468 25
50.46949253784611 38.03599125193468 35
50.47183293729001 38.03365240072858 44.92148103468668
50.47183293729001 38.03365240072858 54.92148103468668
50.47183293729 38.03365240072858 64.92148103468668
50.47183293729001 38.03365240072858 74.92148103468668
50.46949253784611 38.03599125193468 85
50.47183293729001 38.03365240072858 94.92148103468668
50.47183293729 38.03365240072858 104.9214810346867
50.47183293729 38.03365240072858 114.9214810346867
50.47183293729001 38.03365240072858 124.9214810346867
50.46949253784611 38.03599125193468 135
50.47183293729 38.03365240072858 144.9214810346867
50.47183293729001 38.03365240072858 154.9214810346867
50.46949253784611 38.03599125193468 165
50.46949253784611 38.03599125193468 175
50.46949253784611 38.03599125193468 185
50.47183293729001 38.03365240072858 195.058119461884
2 18 0 20
1061
1062
1063
1064
1065
1066
1067
1068
1069
1070
1071
1072
1073
1074
1075
1076
1077
1078
1079
1080
1.466806493511161 38.03599125193468 175
1.466806493511161 38.03599125193468 165
1.466806493511161 38.03599125193468 95.00000000000001
1.466806493511161 38.03599125193468 75.00000000000003
1.466806493511161 38.03599125193468 185
1.464466094067262 38.03365240072858 195.058119461884
1.466806493511161 38.03599125193468 155
1.464466094067261 38.03365240072858 145.0785189653133
1.464466094067261 38.03365240072858 135.0785189653133
1.464466094067263 38.03365240072858 125.0785189653133
1.466806493511161 38.03599125193468 115
1.466806493511161 38.03599125193468 105
1.466806493511161 38.03599125193468 84.99999999999997
1.466806493511161 38.03599125193468 65
1.464466094067261 38.03365240072858 55.07851896531332
1.466806493511161 38.03599125193468 45.00000000000003
1.466806493511161 38.03599125193468 35.00000000000003
1.466806493511161 38.03599125193468 25
1.464466094067262 38.03365240072858 15.07851896531332
1.464466094067262 38.03365240072858 4.941880538116038
3 1 0 0
$EndNodes
$Elements
99 5727 1 5727
0 1 15 1
1 1 
0 2 15 1
2 2 
0 3 15 1
3 3 
0 4 15 1
4 4 
0 5 15 1
5 5 
0 6 15 1
6 6 
0 7 15 1
7 7 
0 8 15 1
8 8 
0 9 15 1
9 9 
0 10 15 1
10 10 
0 11 15 1
11 11 
0 12 15 1
12 12 
0 13 15 1
13 13 
0 14 15 1
14 14 
0 15 15 1
15 15 
0 16 15 1
16 16 
0 17 15 1
17 17 
0 18 15 1
18 18 
0 19 15 1
19 19 
0 20 15 1
20 20 
0 21 15 1
21 21 
0 22 15 1
22 22 
0 23 15 1
23 23 
0 24 15 1
24 24 
0 25 15 1
25 25 
0 26 15 1
26 26 
0 27 15 1
27 27 
0 28 15 1
28 28 
0 29 15 1
29 29 
0 30 15 1
30 30 
0 31 15 1
31 31 
0 32 15 1
32 32 
1 1 1 5
33 1 33 
34 33 34 
35 34 35 
36 35 36 
37 36 2 
1 2 1 2
38 2 37 
39 37 3 
1 3 1 3
40 3 38 
41 38 39 
42 39 4 
1 4 1 2
43 4 40 
44 40 5 
1 5 1 5
45 5 41 
46 41 42 
47 42 43 
48 43 44 
49 44 6 
1 6 1 2
50 6 45 
51 45 7 
1 7 1 3
52 7 46 
53 46 47 
54 47 8 
1 8 1 2
55 8 48 
56 48 1 
1 9 1 3
57 9 49 
58 49 50 
59 50 10 
1 10 1 2
60 9 51 
61 51 11 
1 11 1 4
62 12 52 
63 52 53 
64 53 54 
65 54 11 
1 12 1 2
66 12 55 
67 55 13 
1 13 1 3
68 14 56 
69 56 57 
70 57 13 
1 14 1 2
71 14 58 
72 58 15 
1 15 1 4
73 16 59 
74 59 60 
75 60 61 
76 61 15 
1 16 1 2
77 16 62 
78 62 10 
1 17 1 3
79 17 63 
80 63 64 
81 64 18 
1 18 1 2
82 17 65 
83 65 19 
1 19 1 5
84 20 66 
85 66 67 
86 67 68 
87 68 69 
88 69 19 
1 20 1 2
89 20 70 
90 70 21 
1 21 1 3
91 22 71 
92 71 72 
93 72 21 
1 22 1 2
94 22 73 
95 73 23 
1 23 1 5
96 24 74 
97 74 75 
98 75 76 
99 76 77 
100 77 23 
1 24 1 2
101 24 78 
102 78 18 
1 25 1 3
103 25 79 
104 79 80 
105 80 26 
1 26 1 2
106 26 81 
107 81 27 
1 27 1 4
108 27 82 
109 82 83 
110 83 84 
111 84 28 
1 28 1 2
112 28 85 
113 85 29 
1 29 1 3
114 29 86 
115 86 87 
116 87 30 
1 30 1 2
117 30 88 
118 88 31 
1 31 1 4
119 31 89 
120 89 90 
121 90 91 
122 91 32 
1 32 1 2
123 32 92 
124 92 25 
1 33 1 20
125 21 93 
126 93 94 
127 94 95 
128 95 96 
129 96 97 
130 97 98 
131 98 99 
132 99 100 
133 100 101 
134 101 102 
135 102 103 
136 103 104 
137 104 105 
138 105 106 
139 106 107 
140 107 108 
141 108 109 
142 109 110 
143 110 111 
144 111 8 
1 34 1 20
145 7 112 
146 112 113 
147 113 114 
148 114 115 
149 115 116 
150 116 117 
151 117 118 
152 118 119 
153 119 120 
154 120 121 
155 121 122 
156 122 123 
157 123 124 
158 124 125 
159 125 126 
160 126 127 
161 127 128 
162 128 129 
163 129 130 
164 130 22 
1 35 1 20
165 19 131 
166 131 132 
167 132 133 
168 133 134 
169 134 135 
170 135 136 
171 136 137 
172 137 138 
173 138 139 
174 139 140 
175 140 141 
176 141 142 
177 142 143 
178 143 144 
179 144 145 
180 145 146 
181 146 147 
182 147 148 
183 148 149 
184 149 2 
1 36 1 20
185 1 150 
186 150 151 
187 151 152 
188 152 153 
189 153 154 
190 154 155 
191 155 156 
192 156 157 
193 157 158 
194 158 159 
195 159 160 
196 160 161 
197 161 162 
198 162 163 
199 163 164 
200 164 165 
201 165 166 
202 166 167 
203 167 168 
204 168 20 
1 37 1 20
205 3 169 
206 169 170 
207 170 171 
208 171 172 
209 172 173 
210 173 174 
211 174 175 
212 175 176 
213 176 177 
214 177 178 
215 178 179 
216 179 180 
217 180 181 
218 181 182 
219 182 183 
220 183 184 
221 184 185 
222 185 186 
223 186 187 
224 187 17 
1 38 1 20
225 18 188 
226 188 189 
227 189 190 
228 190 191 
229 191 192 
230 192 193 
231 193 194 
232 194 195 
233 195 196 
234 196 197 
235 197 198 
236 198 199 
237 199 200 
238 200 201 
239 201 202 
240 202 203 
241 203 204 
242 204 205 
243 205 206 
244 206 4 
1 39 1 20
245 5 207 
246 207 208 
247 208 209 
248 209 210 
249 210 211 
250 211 212 
251 212 213 
252 213 214 
253 214 215 
254 215 216 
255 216 217 
256 217 218 
257 218 219 
258 219 220 
259 220 221 
260 221 222 
261 222 223 
262 223 224 
263 224 225 
264 225 24 
1 40 1 20
265 23 226 
266 226 227 
267 227 228 
268 228 229 
269 229 230 
270 230 231 
271 231 232 
272 232 233 
273 233 234 
274 234 235 
275 235 236 
276 236 237 
277 237 238 
278 238 239 
279 239 240 
280 240 241 
281 241 242 
282 242 243 
283 243 244 
284 244 6 
1 41 1 20
285 10 245 
286 245 246 
287 246 247 
288 247 248 
289 248 249 
290 249 250 
291 250 251 
292 251 252 
293 252 253 
294 253 254 
295 254 255 
296 255 256 
297 256 257 
298 257 258 
299 258 259 
300 259 260 
301 260 261 
302 261 262 
303 262 263 
304 263 30 
1 42 1 20
305 29 264 
306 264 265 
307 265 266 
308 266 267 
309 267 268 
310 268 269 
311 269 270 
312 270 271 
313 271 272 
314 272 273 
315 273 274 
316 274 275 
317 275 276 
318 276 277 
319 277 278 
320 278 279 
321 279 280 
322 280 281 
323 281 282 
324 282 9 
1 43 1 20
325 15 283 
326 283 284 
327 284 285 
328 285 286 
329 286 287 
330 287 288 
331 288 289 
332 289 290 
333 290 291 
334 291 292 
335 292 293 
336 293 294 
337 294 295 
338 295 296 
339 296 297 
340 297 298 
341 298 299 
342 299 300 
343 300 301 
344 301 32 
1 44 1 20
345 31 302 
346 302 303 
347 303 304 
348 304 305 
349 305 306 
350 306 307 
351 307 308 
352 308 309 
353 309 310 
354 310 311 
355 311 312 
356 312 313 
357 313 314 
358 314 315 
359 315 316 
360 316 317 
361 317 318 
362 318 319 
363 319 320 
364 320 16 
1 45 1 20
365 25 321 
366 321 322 
367 322 323 
368 323 324 
369 324 325 
370 325 326 
371 326 327 
372 327 328 
373 328 329 
374 329 330 
375 330 331 
376 331 332 
377 332 333 
378 333 334 
379 334 335 
380 335 336 
381 336 337 
382 337 338 
383 338 339 
384 339 14 
1 46 1 20
385 13 340 
386 340 341 
387 341 342 
388 342 343 
389 343 344 
390 344 345 
391 345 346 
392 346 347 
393 347 348 
394 348 349 
395 349 350 
396 350 351 
397 351 352 
398 352 353 
399 353 354 
400 354 355 
401 355 356 
402 356 357 
403 357 358 
404 358 26 
1 47 1 20
405 27 359 
406 359 360 
407 360 361 
408 361 362 
409 362 363 
410 363 364 
411 364 365 
412 365 366 
413 366 367 
414 367 368 
415 368 369 
416 369 370 
417 370 371 
418 371 372 
419 372 373 
420 373 374 
421 374 375 
422 375 376 
423 376 377 
424 377 12 
1 48 1 20
425 11 378 
426 378 379 
427 379 380 
428 380 381 
429 381 382 
430 382 383 
431 383 384 
432 384 385 
433 385 386 
434 386 387 
435 387 388 
436 388 389 
437 389 390 
438 390 391 
439 391 392 
440 392 393 
441 393 394 
442 394 395 
443 395 396 
444 396 28 
2 1 2 70
445 45 7 397 
446 8 48 399 
447 4 40 398 
448 37 3 400 
449 4 398 403 
450 397 7 401 
451 400 3 405 
452 8 399 402 
453 12 55 407 
454 51 11 404 
455 16 62 406 
456 58 15 408 
457 9 51 401 
458 6 45 397 
459 62 10 402 
460 55 13 403 
461 40 5 398 
462 48 1 399 
463 14 58 405 
464 2 37 400 
465 398 55 403 
466 51 397 401 
467 397 51 404 
468 55 398 407 
469 58 400 405 
470 399 62 402 
471 62 399 406 
472 400 58 408 
473 6 397 404 
474 398 5 407 
475 399 1 406 
476 2 400 408 
477 1 33 406 
478 3 38 405 
479 5 41 407 
480 7 46 401 
481 54 43 44 
482 54 53 43 
483 36 2 408 
484 39 4 403 
485 44 6 404 
486 47 8 402 
487 49 9 46 
488 46 9 401 
489 50 47 10 
490 10 47 402 
491 11 54 44 
492 11 44 404 
493 52 12 41 
494 41 12 407 
495 13 57 39 
496 13 39 403 
497 56 14 38 
498 38 14 405 
499 36 15 61 
500 15 36 408 
501 59 16 33 
502 33 16 406 
503 34 59 33 
504 34 35 60 
505 34 60 59 
506 35 36 61 
507 60 35 61 
508 57 38 39 
509 57 56 38 
510 42 52 41 
511 43 53 42 
512 53 52 42 
513 49 46 47 
514 50 49 47 
2 2 2 70
515 73 409 22 
516 21 411 70 
517 18 410 78 
518 65 412 17 
519 18 415 410 
520 409 413 22 
521 412 417 17 
522 21 414 411 
523 27 419 81 
524 85 416 28 
525 31 418 88 
526 92 420 32 
527 29 413 85 
528 23 409 73 
529 88 414 30 
530 81 415 26 
531 78 410 24 
532 70 411 20 
533 25 417 92 
534 19 412 65 
535 410 415 81 
536 85 413 409 
537 409 416 85 
538 81 419 410 
539 92 417 412 
540 411 414 88 
541 88 418 411 
542 412 420 92 
543 23 416 409 
544 410 419 24 
545 411 418 20 
546 19 420 412 
547 17 417 63 
548 20 418 66 
549 22 413 71 
550 24 419 74 
551 76 84 77 
552 83 84 76 
553 64 415 18 
554 69 420 19 
555 72 414 21 
556 77 416 23 
557 63 25 79 
558 63 417 25 
559 80 26 64 
560 26 415 64 
561 74 27 82 
562 74 419 27 
563 77 84 28 
564 28 416 77 
565 29 86 71 
566 71 413 29 
567 30 72 87 
568 30 414 72 
569 89 66 31 
570 66 418 31 
571 32 69 91 
572 32 420 69 
573 63 80 64 
574 79 80 63 
575 67 66 89 
576 68 67 90 
577 90 67 89 
578 91 69 68 
579 91 68 90 
580 71 86 72 
581 72 86 87 
582 75 74 82 
583 75 83 76 
584 82 83 75 
2 3 2 162
585 441 101 458 
586 101 441 459 
587 422 454 474 
588 455 422 474 
589 421 457 475 
590 456 421 475 
591 113 114 433 
592 115 431 438 
593 433 114 438 
594 109 110 451 
595 430 109 451 
596 114 115 438 
597 97 437 447 
598 124 423 442 
599 128 426 453 
600 123 124 442 
601 94 95 446 
602 95 96 436 
603 95 436 446 
604 96 97 447 
605 97 98 437 
606 99 100 435 
607 102 103 428 
608 104 105 425 
609 105 106 449 
610 425 105 449 
611 106 107 429 
612 106 429 449 
613 107 108 450 
614 429 107 450 
615 108 109 430 
616 108 430 450 
617 122 424 440 
618 428 103 443 
619 115 116 431 
620 116 117 444 
621 431 116 444 
622 117 118 432 
623 118 119 439 
624 432 118 439 
625 119 120 434 
626 120 121 445 
627 121 122 440 
628 122 123 424 
629 124 125 423 
630 126 127 427 
631 128 129 426 
632 104 425 443 
633 103 104 443 
634 117 432 444 
635 119 434 439 
636 440 424 441 
637 99 435 448 
638 98 99 448 
639 437 98 448 
640 423 125 452 
641 127 128 453 
642 121 440 445 
643 436 96 447 
644 424 123 442 
645 434 120 445 
646 125 126 452 
647 126 427 452 
648 427 127 453 
649 71 72 421 
650 47 46 422 
651 112 113 454 
652 110 111 455 
653 93 94 457 
654 129 130 456 
655 113 433 454 
656 451 110 455 
657 426 129 456 
658 94 446 457 
659 100 101 459 
660 101 102 458 
661 440 441 473 
662 441 424 472 
663 111 8 478 
664 7 112 476 
665 21 93 479 
666 130 22 477 
667 46 7 476 
668 8 47 478 
669 22 71 477 
670 72 21 479 
671 441 458 473 
672 459 441 472 
673 102 428 458 
674 435 100 459 
675 112 454 476 
676 455 111 478 
677 93 457 479 
678 456 130 477 
679 463 435 472 
680 428 468 473 
681 438 431 461 
682 433 438 460 
683 450 461 465 
684 430 451 460 
685 461 431 465 
686 460 438 461 
687 450 430 461 
688 425 464 467 
689 453 426 470 
690 447 437 462 
691 447 462 471 
692 448 463 469 
693 462 437 469 
694 442 423 463 
695 463 423 469 
696 452 462 469 
697 464 439 467 
698 423 452 469 
699 429 465 466 
700 443 425 467 
701 448 435 463 
702 462 427 471 
703 465 444 466 
704 425 449 464 
705 428 443 468 
706 449 429 466 
707 429 450 465 
708 431 444 465 
709 432 439 464 
710 444 432 466 
711 432 464 466 
712 434 445 468 
713 437 448 469 
714 464 449 466 
715 439 434 467 
716 446 436 470 
717 436 447 471 
718 467 434 468 
719 443 467 468 
720 452 427 462 
721 427 453 471 
722 453 470 471 
723 470 436 471 
724 430 460 461 
725 442 463 472 
726 468 445 473 
727 424 442 472 
728 445 440 473 
729 433 460 474 
730 460 451 474 
731 446 470 475 
732 470 426 475 
733 421 72 479 
734 71 421 477 
735 47 422 478 
736 422 46 476 
737 454 422 476 
738 422 455 478 
739 457 421 479 
740 421 456 477 
741 454 433 474 
742 451 455 474 
743 457 446 475 
744 426 456 475 
745 458 428 473 
746 435 459 472 
2 4 2 220
747 501 513 540 
748 540 513 541 
749 489 505 542 
750 505 489 554 
751 505 488 542 
752 488 505 543 
753 483 511 544 
754 511 483 550 
755 485 525 549 
756 486 529 547 
757 529 486 546 
758 484 521 552 
759 525 485 548 
760 533 531 545 
761 487 529 546 
762 521 484 551 
763 483 517 550 
764 486 525 548 
765 484 517 553 
766 525 486 547 
767 517 484 552 
768 517 483 553 
769 485 521 551 
770 531 533 560 
771 521 485 549 
772 529 487 561 
773 511 482 544 
774 482 511 558 
775 499 502 506 
776 499 151 502 
777 502 503 506 
778 489 148 507 
779 490 167 512 
780 150 151 499 
781 131 132 498 
782 498 500 501 
783 133 482 500 
784 147 148 489 
785 498 132 500 
786 545 528 561 
787 496 515 516 
788 148 149 507 
789 167 168 512 
790 166 167 490 
791 495 519 520 
792 497 165 508 
793 161 162 518 
794 151 152 502 
795 152 491 502 
796 502 491 503 
797 496 514 515 
798 497 508 509 
799 163 164 514 
800 166 490 508 
801 495 518 519 
802 500 482 513 
803 159 160 522 
804 494 523 524 
805 162 496 518 
806 495 161 518 
807 496 163 514 
808 164 497 514 
809 494 522 523 
810 516 515 517 
811 504 530 531 
812 520 519 521 
813 132 133 500 
814 494 159 522 
815 160 495 522 
816 503 504 505 
817 496 516 518 
818 495 520 522 
819 154 492 530 
820 157 158 526 
821 165 166 508 
822 530 492 531 
823 524 523 525 
824 493 527 528 
825 153 154 530 
826 494 524 526 
827 158 494 526 
828 493 157 526 
829 493 526 527 
830 528 527 529 
831 493 528 534 
832 518 516 519 
833 522 520 523 
834 526 524 527 
835 144 145 532 
836 487 144 532 
837 152 153 491 
838 154 155 492 
839 156 157 493 
840 158 159 494 
841 160 161 495 
842 162 163 496 
843 164 165 497 
844 133 134 482 
845 135 136 483 
846 137 138 484 
847 139 140 485 
848 141 142 486 
849 143 144 487 
850 145 146 488 
851 487 532 533 
852 145 488 532 
853 156 493 534 
854 492 155 534 
855 155 156 534 
856 514 510 515 
857 510 509 511 
858 491 153 530 
859 497 510 514 
860 497 509 510 
861 501 500 513 
862 509 541 558 
863 557 501 559 
864 506 555 556 
865 503 491 504 
866 504 491 530 
867 533 545 561 
868 506 539 555 
869 501 540 559 
870 506 503 554 
871 541 513 558 
872 147 489 542 
873 34 33 535 
874 68 69 537 
875 509 508 541 
876 35 34 480 
877 67 68 481 
878 36 35 536 
879 66 67 538 
880 517 515 550 
881 521 519 552 
882 488 146 542 
883 525 523 549 
884 505 504 543 
885 529 527 547 
886 135 483 544 
887 482 134 544 
888 531 492 545 
889 143 487 546 
890 486 142 546 
891 534 528 545 
892 141 486 548 
893 485 140 548 
894 484 138 551 
895 139 485 551 
896 137 484 553 
897 483 136 553 
898 524 525 547 
899 510 511 550 
900 520 521 549 
901 516 517 552 
902 539 506 554 
903 489 507 539 
904 490 512 540 
905 490 540 541 
906 480 34 535 
907 481 68 537 
908 35 480 536 
909 67 481 538 
910 1 150 563 
911 19 131 562 
912 149 2 564 
913 168 20 565 
914 532 488 560 
915 508 490 541 
916 507 149 564 
917 146 147 542 
918 504 531 543 
919 150 499 563 
920 131 498 562 
921 512 168 565 
922 33 1 563 
923 69 19 562 
924 2 36 564 
925 20 66 565 
926 134 135 544 
927 492 534 545 
928 142 143 546 
929 527 524 547 
930 140 141 548 
931 523 520 549 
932 515 510 550 
933 138 139 551 
934 519 516 552 
935 136 137 553 
936 488 543 560 
937 499 506 556 
938 498 501 557 
939 536 507 564 
940 513 482 558 
941 487 533 561 
942 538 512 565 
943 498 537 562 
944 499 535 563 
945 489 539 554 
946 507 536 555 
947 503 505 554 
948 512 538 559 
949 511 509 558 
950 535 499 556 
951 533 532 560 
952 537 498 557 
953 528 529 561 
954 539 507 555 
955 540 512 559 
956 543 531 560 
957 535 33 563 
958 537 69 562 
959 36 536 564 
960 66 538 565 
961 480 535 556 
962 536 480 555 
963 481 537 557 
964 538 481 559 
965 555 480 556 
966 481 557 559 
2 5 2 162
967 567 603 620 
968 602 567 620 
969 600 566 619 
970 566 601 619 
971 581 178 584 
972 574 184 598 
973 200 570 585 
974 178 179 584 
975 181 573 597 
976 199 200 585 
977 192 583 587 
978 170 171 593 
979 171 172 577 
980 171 577 593 
981 172 173 594 
982 577 172 594 
983 173 174 578 
984 173 578 594 
985 174 175 595 
986 578 174 595 
987 175 176 579 
988 175 579 595 
989 176 177 596 
990 179 572 584 
991 180 181 597 
992 181 182 573 
993 182 183 599 
994 573 182 599 
995 183 184 574 
996 184 185 598 
997 185 186 575 
998 569 203 592 
999 579 176 596 
1000 177 178 581 
1001 179 180 572 
1002 190 191 580 
1003 191 192 587 
1004 192 193 583 
1005 194 195 582 
1006 195 196 589 
1007 582 195 589 
1008 196 197 576 
1009 197 198 590 
1010 198 199 571 
1011 200 201 570 
1012 201 202 591 
1013 570 201 591 
1014 202 203 569 
1015 204 205 568 
1016 196 576 589 
1017 198 571 590 
1018 202 569 591 
1019 203 204 592 
1020 177 581 596 
1021 583 193 588 
1022 204 568 592 
1023 183 574 599 
1024 185 575 598 
1025 580 191 587 
1026 576 197 590 
1027 572 180 597 
1028 190 580 586 
1029 194 582 588 
1030 571 199 585 
1031 189 190 586 
1032 193 194 588 
1033 39 38 567 
1034 63 64 566 
1035 169 170 603 
1036 205 206 602 
1037 186 187 600 
1038 188 189 601 
1039 170 593 603 
1040 568 205 602 
1041 575 186 600 
1042 189 586 601 
1043 3 169 621 
1044 206 4 622 
1045 18 188 624 
1046 187 17 623 
1047 38 3 621 
1048 4 39 622 
1049 64 18 624 
1050 17 63 623 
1051 600 187 623 
1052 188 601 624 
1053 602 206 622 
1054 169 603 621 
1055 599 609 616 
1056 609 583 616 
1057 604 576 617 
1058 597 605 615 
1059 585 570 614 
1060 587 583 609 
1061 605 582 615 
1062 597 573 605 
1063 614 579 618 
1064 570 613 614 
1065 576 590 617 
1066 584 604 617 
1067 608 587 609 
1068 586 580 610 
1069 590 606 617 
1070 573 599 616 
1071 579 596 618 
1072 596 581 606 
1073 606 581 617 
1074 588 582 605 
1075 591 612 613 
1076 589 576 604 
1077 592 568 611 
1078 591 569 612 
1079 572 597 615 
1080 595 579 614 
1081 607 592 611 
1082 577 594 607 
1083 607 594 612 
1084 569 592 607 
1085 569 607 612 
1086 570 591 613 
1087 574 598 608 
1088 593 577 611 
1089 577 607 611 
1090 578 595 613 
1091 580 587 608 
1092 582 589 615 
1093 585 614 618 
1094 594 578 612 
1095 612 578 613 
1096 581 584 617 
1097 613 595 614 
1098 583 588 616 
1099 590 571 606 
1100 584 572 604 
1101 574 608 609 
1102 571 585 618 
1103 605 573 616 
1104 598 575 610 
1105 599 574 609 
1106 588 605 616 
1107 589 604 615 
1108 606 571 618 
1109 596 606 618 
1110 604 572 615 
1111 580 608 610 
1112 608 598 610 
1113 586 610 619 
1114 610 575 619 
1115 593 611 620 
1116 611 568 620 
1117 63 566 623 
1118 566 64 624 
1119 567 38 621 
1120 39 567 622 
1121 566 600 623 
1122 601 566 624 
1123 603 567 621 
1124 567 602 622 
1125 568 602 620 
1126 601 586 619 
1127 575 600 619 
1128 603 593 620 
2 6 2 220
1129 651 658 685 
1130 685 658 686 
1131 648 633 687 
1132 634 648 687 
1133 633 648 688 
1134 648 634 699 
1135 628 656 689 
1136 656 628 695 
1137 662 633 688 
1138 630 674 694 
1139 633 662 690 
1140 629 670 697 
1141 674 630 693 
1142 662 632 690 
1143 676 679 691 
1144 679 676 692 
1145 670 629 696 
1146 628 666 695 
1147 631 674 693 
1148 629 666 698 
1149 666 629 697 
1150 666 628 698 
1151 630 670 696 
1152 632 662 706 
1153 670 630 694 
1154 656 627 689 
1155 674 631 705 
1156 627 656 703 
1157 644 645 649 
1158 644 227 645 
1159 645 646 649 
1160 634 224 652 
1161 635 243 657 
1162 226 227 644 
1163 207 208 643 
1164 643 650 651 
1165 209 627 650 
1166 223 224 634 
1167 661 691 706 
1168 643 208 650 
1169 641 664 665 
1170 228 636 645 
1171 224 225 652 
1172 243 244 657 
1173 242 243 635 
1174 640 668 669 
1175 645 636 646 
1176 230 637 659 
1177 227 228 645 
1178 642 241 653 
1179 237 238 667 
1180 641 663 664 
1181 642 653 654 
1182 239 240 663 
1183 242 635 653 
1184 647 659 660 
1185 640 667 668 
1186 659 637 660 
1187 229 230 659 
1188 650 627 658 
1189 235 236 671 
1190 639 672 673 
1191 640 237 667 
1192 238 641 667 
1193 700 649 701 
1194 641 239 663 
1195 240 642 663 
1196 228 229 636 
1197 639 671 672 
1198 665 664 666 
1199 669 668 670 
1200 208 209 650 
1201 639 235 671 
1202 236 640 671 
1203 641 665 667 
1204 636 229 659 
1205 640 669 671 
1206 233 234 675 
1207 241 242 653 
1208 673 672 674 
1209 639 673 675 
1210 234 639 675 
1211 638 233 675 
1212 638 675 676 
1213 660 637 661 
1214 646 647 648 
1215 660 661 662 
1216 667 665 668 
1217 232 638 677 
1218 231 232 677 
1219 671 669 672 
1220 675 673 676 
1221 230 231 637 
1222 232 233 638 
1223 234 235 639 
1224 236 237 640 
1225 238 239 641 
1226 240 241 642 
1227 209 210 627 
1228 211 212 628 
1229 213 214 629 
1230 215 216 630 
1231 217 218 631 
1232 218 219 678 
1233 631 218 678 
1234 219 220 632 
1235 221 222 633 
1236 219 632 678 
1237 678 632 679 
1238 637 231 677 
1239 661 637 677 
1240 663 655 664 
1241 655 654 656 
1242 642 655 663 
1243 642 654 655 
1244 651 650 658 
1245 654 686 703 
1246 702 651 704 
1247 646 636 647 
1248 647 636 659 
1249 649 684 701 
1250 691 679 706 
1251 651 685 704 
1252 686 658 703 
1253 223 634 687 
1254 649 646 699 
1255 76 77 680 
1256 42 41 681 
1257 654 653 686 
1258 43 42 626 
1259 75 76 625 
1260 74 75 683 
1261 44 43 682 
1262 660 662 688 
1263 666 664 695 
1264 670 668 697 
1265 633 222 687 
1266 648 647 688 
1267 674 672 694 
1268 638 676 691 
1269 627 210 689 
1270 211 628 689 
1271 661 677 691 
1272 632 220 690 
1273 221 633 690 
1274 678 679 692 
1275 630 216 693 
1276 217 631 693 
1277 215 630 696 
1278 629 214 696 
1279 628 212 698 
1280 213 629 698 
1281 655 656 695 
1282 669 670 694 
1283 634 652 684 
1284 665 666 697 
1285 684 649 699 
1286 635 657 685 
1287 635 685 686 
1288 625 76 680 
1289 626 42 681 
1290 75 625 683 
1291 43 626 682 
1292 23 226 707 
1293 5 207 708 
1294 225 24 709 
1295 244 6 710 
1296 676 673 705 
1297 653 635 686 
1298 647 660 688 
1299 222 223 687 
1300 652 225 709 
1301 226 644 707 
1302 207 643 708 
1303 657 244 710 
1304 77 23 707 
1305 41 5 708 
1306 24 74 709 
1307 6 44 710 
1308 210 211 689 
1309 220 221 690 
1310 677 638 691 
1311 631 678 692 
1312 216 217 693 
1313 672 669 694 
1314 664 655 695 
1315 214 215 696 
1316 668 665 697 
1317 212 213 698 
1318 692 676 705 
1319 644 649 700 
1320 643 651 702 
1321 683 652 709 
1322 658 627 703 
1323 679 632 706 
1324 682 657 710 
1325 644 680 707 
1326 643 681 708 
1327 634 684 699 
1328 652 683 701 
1329 646 648 699 
1330 657 682 704 
1331 656 654 703 
1332 680 644 700 
1333 681 643 702 
1334 673 674 705 
1335 662 661 706 
1336 684 652 701 
1337 685 657 704 
1338 631 692 705 
1339 680 77 707 
1340 681 41 708 
1341 74 683 709 
1342 44 682 710 
1343 625 680 700 
1344 683 625 701 
1345 626 681 702 
1346 682 626 704 
1347 625 700 701 
1348 626 702 704 
2 7 2 128
1349 730 731 712 
1350 729 734 711 
1351 736 745 729 
1352 735 737 730 
1353 729 745 728 
1354 730 737 713 
1355 245 733 10 
1356 30 734 263 
1357 9 731 282 
1358 264 732 29 
1359 282 731 730 
1360 263 734 729 
1361 733 735 712 
1362 732 736 711 
1363 263 729 262 
1364 282 730 281 
1365 248 722 247 
1366 250 723 249 
1367 252 724 251 
1368 254 721 253 
1369 256 725 255 
1370 258 726 257 
1371 260 727 259 
1372 262 728 261 
1373 267 720 266 
1374 269 719 268 
1375 271 718 270 
1376 273 717 272 
1377 275 716 274 
1378 277 715 276 
1379 279 714 278 
1380 281 713 280 
1381 711 736 729 
1382 712 735 730 
1383 262 729 728 
1384 281 730 713 
1385 722 752 713 
1386 724 750 715 
1387 717 749 721 
1388 718 748 725 
1389 726 747 718 
1390 713 737 722 
1391 714 738 723 
1392 723 751 714 
1393 715 739 724 
1394 718 740 726 
1395 719 741 727 
1396 727 746 719 
1397 719 747 726 
1398 720 746 727 
1399 726 741 719 
1400 724 743 716 
1401 721 744 717 
1402 727 742 720 
1403 720 742 728 
1404 728 745 720 
1405 722 738 714 
1406 714 752 722 
1407 723 739 715 
1408 715 751 723 
1409 716 750 724 
1410 717 744 725 
1411 725 740 718 
1412 716 743 721 
1413 721 749 716 
1414 725 748 717 
1415 275 750 716 
1416 716 749 274 
1417 277 751 715 
1418 721 743 253 
1419 725 744 255 
1420 273 749 717 
1421 248 738 722 
1422 250 739 723 
1423 252 743 724 
1424 719 746 268 
1425 718 747 270 
1426 279 752 714 
1427 254 744 721 
1428 726 740 257 
1429 258 741 726 
1430 267 746 720 
1431 269 747 719 
1432 271 748 718 
1433 728 742 261 
1434 727 741 259 
1435 256 740 725 
1436 717 748 272 
1437 720 745 266 
1438 722 737 247 
1439 723 738 249 
1440 724 739 251 
1441 714 751 278 
1442 260 742 727 
1443 715 750 276 
1444 713 752 280 
1445 245 735 733 
1446 264 736 732 
1447 86 711 87 
1448 50 712 49 
1449 246 735 245 
1450 265 736 264 
1451 265 745 736 
1452 246 737 735 
1453 255 744 254 
1454 253 743 252 
1455 247 737 246 
1456 249 738 248 
1457 251 739 250 
1458 257 740 256 
1459 259 741 258 
1460 261 742 260 
1461 268 746 267 
1462 270 747 269 
1463 272 748 271 
1464 274 749 273 
1465 276 750 275 
1466 278 751 277 
1467 280 752 279 
1468 266 745 265 
1469 49 731 9 
1470 29 732 86 
1471 10 733 50 
1472 87 734 30 
1473 50 733 712 
1474 86 732 711 
1475 711 734 87 
1476 712 731 49 
2 8 2 172
1477 303 761 302 
1478 320 766 319 
1479 318 773 765 
1480 767 772 304 
1481 766 773 319 
1482 303 772 761 
1483 319 773 318 
1484 304 772 303 
1485 760 785 299 
1486 297 784 296 
1487 299 785 298 
1488 310 776 309 
1489 309 776 769 
1490 311 775 310 
1491 775 776 310 
1492 759 784 297 
1493 291 774 756 
1494 296 784 758 
1495 285 777 753 
1496 294 786 757 
1497 755 778 288 
1498 305 767 304 
1499 307 768 306 
1500 308 780 307 
1501 309 769 308 
1502 313 781 312 
1503 314 763 313 
1504 763 781 313 
1505 315 782 314 
1506 316 764 315 
1507 317 783 316 
1508 316 783 764 
1509 318 765 317 
1510 765 783 317 
1511 285 753 284 
1512 287 754 286 
1513 754 777 286 
1514 289 755 288 
1515 291 756 290 
1516 294 757 293 
1517 295 786 294 
1518 296 758 295 
1519 298 759 297 
1520 300 760 299 
1521 768 779 306 
1522 769 780 308 
1523 312 762 311 
1524 764 782 315 
1525 305 779 767 
1526 307 780 768 
1527 314 782 763 
1528 287 778 754 
1529 289 788 755 
1530 757 787 293 
1531 306 779 305 
1532 762 775 311 
1533 286 777 285 
1534 292 774 291 
1535 758 786 295 
1536 288 778 287 
1537 312 781 762 
1538 290 788 289 
1539 292 787 774 
1540 298 785 759 
1541 756 788 290 
1542 293 787 292 
1543 284 792 283 
1544 301 791 300 
1545 300 791 760 
1546 753 792 284 
1547 89 789 90 
1548 60 790 59 
1549 766 793 773 
1550 772 794 761 
1551 793 795 773 
1552 772 796 794 
1553 753 795 793 
1554 794 796 760 
1555 61 770 60 
1556 90 771 91 
1557 773 795 765 
1558 767 796 772 
1559 777 798 795 
1560 796 809 785 
1561 795 798 765 
1562 767 809 796 
1563 777 795 753 
1564 760 796 785 
1565 800 805 776 
1566 757 805 800 
1567 787 807 774 
1568 800 807 787 
1569 788 802 755 
1570 774 799 756 
1571 758 808 801 
1572 799 803 756 
1573 768 808 806 
1574 768 806 779 
1575 801 808 780 
1576 778 804 797 
1577 781 803 799 
1578 776 805 769 
1579 778 797 754 
1580 797 804 764 
1581 783 797 764 
1582 786 805 757 
1583 782 802 763 
1584 765 798 783 
1585 763 803 781 
1586 764 804 782 
1587 769 801 780 
1588 756 803 788 
1589 782 804 802 
1590 783 798 797 
1591 754 798 777 
1592 784 808 758 
1593 781 799 762 
1594 775 800 776 
1595 797 798 754 
1596 755 804 778 
1597 802 804 755 
1598 788 803 802 
1599 780 808 768 
1600 779 809 767 
1601 758 801 786 
1602 806 808 784 
1603 774 807 799 
1604 757 800 787 
1605 802 803 763 
1606 775 807 800 
1607 759 806 784 
1608 769 805 801 
1609 801 805 786 
1610 785 809 759 
1611 759 809 806 
1612 806 809 779 
1613 799 807 762 
1614 762 807 775 
1615 753 793 792 
1616 791 794 760 
1617 16 813 320 
1618 302 812 31 
1619 283 814 15 
1620 32 815 301 
1621 792 814 283 
1622 301 815 791 
1623 791 815 771 
1624 770 814 792 
1625 770 790 60 
1626 90 789 771 
1627 31 812 89 
1628 59 813 16 
1629 15 814 61 
1630 91 815 32 
1631 320 813 766 
1632 761 812 302 
1633 792 810 770 
1634 771 811 791 
1635 793 810 792 
1636 791 811 794 
1637 789 812 761 
1638 766 813 790 
1639 766 810 793 
1640 794 811 761 
1641 790 810 766 
1642 761 811 789 
1643 89 812 789 
1644 790 813 59 
1645 771 815 91 
1646 61 814 770 
1647 770 810 790 
1648 789 811 771 
2 9 2 128
1649 816 836 835 
1650 817 839 834 
1651 834 857 840 
1652 835 849 841 
1653 826 857 834 
1654 825 849 835 
1655 340 836 13 
1656 26 837 358 
1657 14 838 339 
1658 321 839 25 
1659 819 856 842 
1660 819 842 832 
1661 833 855 819 
1662 855 856 819 
1663 835 836 340 
1664 834 839 321 
1665 816 841 838 
1666 817 840 837 
1667 341 835 340 
1668 322 834 321 
1669 323 826 322 
1670 326 819 325 
1671 327 833 326 
1672 326 833 819 
1673 329 830 328 
1674 331 831 330 
1675 333 827 332 
1676 335 828 334 
1677 337 829 336 
1678 819 832 325 
1679 342 825 341 
1680 344 824 343 
1681 346 823 345 
1682 348 822 347 
1683 350 821 349 
1684 352 820 351 
1685 356 818 355 
1686 325 832 324 
1687 835 841 816 
1688 834 840 817 
1689 826 834 322 
1690 825 835 341 
1691 830 854 820 
1692 833 844 820 
1693 820 855 833 
1694 823 847 828 
1695 828 851 823 
1696 829 850 824 
1697 821 845 831 
1698 831 853 821 
1699 827 852 822 
1700 824 848 829 
1701 820 844 830 
1702 822 846 827 
1703 826 843 818 
1704 818 857 826 
1705 818 843 832 
1706 832 842 818 
1707 830 845 821 
1708 821 854 830 
1709 831 846 822 
1710 822 853 831 
1711 827 847 823 
1712 823 852 827 
1713 828 848 824 
1714 824 851 828 
1715 829 849 825 
1716 825 850 829 
1717 327 844 833 
1718 831 845 330 
1719 827 846 332 
1720 331 846 831 
1721 333 847 827 
1722 335 848 828 
1723 337 849 829 
1724 342 850 825 
1725 344 851 824 
1726 346 852 823 
1727 822 852 347 
1728 821 853 349 
1729 820 854 351 
1730 329 845 830 
1731 352 855 820 
1732 323 843 826 
1733 356 857 818 
1734 830 844 328 
1735 818 842 355 
1736 828 847 334 
1737 829 848 336 
1738 348 853 822 
1739 350 854 821 
1740 824 850 343 
1741 823 851 345 
1742 832 843 324 
1743 838 841 339 
1744 837 840 358 
1745 79 817 80 
1746 57 816 56 
1747 358 840 357 
1748 339 841 338 
1749 840 857 357 
1750 841 849 338 
1751 842 856 354 
1752 330 845 329 
1753 332 846 331 
1754 355 842 354 
1755 324 843 323 
1756 328 844 327 
1757 334 847 333 
1758 336 848 335 
1759 338 849 337 
1760 343 850 342 
1761 345 851 344 
1762 347 852 346 
1763 349 853 348 
1764 351 854 350 
1765 353 855 352 
1766 354 856 353 
1767 353 856 855 
1768 357 857 356 
1769 25 839 79 
1770 56 838 14 
1771 13 836 57 
1772 80 837 26 
1773 57 836 816 
1774 79 839 817 
1775 816 838 56 
1776 817 837 80 
2 10 2 172
1777 897 900 878 
1778 379 877 866 
1779 379 866 378 
1780 877 878 866 
1781 376 900 897 
1782 380 877 379 
1783 870 879 381 
1784 380 879 877 
1785 396 868 395 
1786 381 879 380 
1787 394 880 874 
1788 868 880 395 
1789 395 880 394 
1790 361 891 858 
1791 362 891 361 
1792 364 892 363 
1793 861 893 366 
1794 368 882 367 
1795 860 892 364 
1796 863 881 370 
1797 363 892 859 
1798 367 882 861 
1799 392 890 867 
1800 370 881 369 
1801 369 881 862 
1802 373 884 864 
1803 384 886 871 
1804 386 887 869 
1805 862 882 368 
1806 382 870 381 
1807 383 885 382 
1808 382 885 870 
1809 384 871 383 
1810 871 885 383 
1811 385 886 384 
1812 386 869 385 
1813 869 886 385 
1814 387 887 386 
1815 388 872 387 
1816 872 887 387 
1817 389 888 388 
1818 390 873 389 
1819 392 867 391 
1820 393 890 392 
1821 394 874 393 
1822 361 858 360 
1823 363 859 362 
1824 365 860 364 
1825 366 893 365 
1826 367 861 366 
1827 369 862 368 
1828 371 863 370 
1829 372 883 371 
1830 373 864 372 
1831 864 883 372 
1832 375 865 374 
1833 865 884 374 
1834 873 888 389 
1835 388 888 872 
1836 365 893 860 
1837 390 889 873 
1838 374 884 373 
1839 391 889 390 
1840 867 889 391 
1841 859 891 362 
1842 874 890 393 
1843 371 883 863 
1844 360 896 359 
1845 877 899 878 
1846 376 897 375 
1847 878 899 897 
1848 54 894 53 
1849 858 896 360 
1850 375 897 865 
1851 53 875 52 
1852 879 899 877 
1853 83 895 84 
1854 868 898 880 
1855 898 902 880 
1856 858 902 898 
1857 870 901 879 
1858 901 906 884 
1859 82 876 83 
1860 879 901 899 
1861 870 906 901 
1862 865 901 884 
1863 899 901 865 
1864 880 902 874 
1865 891 914 902 
1866 902 914 874 
1867 891 902 858 
1868 910 912 867 
1869 890 914 910 
1870 890 910 867 
1871 907 913 862 
1872 910 914 859 
1873 905 908 893 
1874 887 913 907 
1875 886 903 871 
1876 873 908 905 
1877 869 911 886 
1878 882 909 861 
1879 907 911 869 
1880 861 905 893 
1881 867 912 889 
1882 881 911 907 
1883 887 907 869 
1884 903 904 871 
1885 884 906 864 
1886 861 909 905 
1887 885 906 870 
1888 871 904 885 
1889 889 908 873 
1890 873 905 888 
1891 904 906 885 
1892 883 903 863 
1893 864 906 904 
1894 883 904 903 
1895 905 909 888 
1896 864 904 883 
1897 893 908 860 
1898 881 907 862 
1899 888 909 872 
1900 863 911 881 
1901 892 912 910 
1902 872 913 887 
1903 862 913 882 
1904 860 912 892 
1905 886 911 903 
1906 874 914 890 
1907 889 912 908 
1908 908 912 860 
1909 859 914 891 
1910 892 910 859 
1911 903 911 863 
1912 882 913 909 
1913 909 913 872 
1914 377 900 376 
1915 858 898 896 
1916 378 917 11 
1917 12 918 377 
1918 28 919 396 
1919 359 920 27 
1920 897 899 865 
1921 53 894 875 
1922 896 920 359 
1923 876 920 896 
1924 876 895 83 
1925 866 917 378 
1926 900 915 878 
1927 11 917 54 
1928 52 918 12 
1929 84 919 28 
1930 27 920 82 
1931 875 915 900 
1932 396 919 868 
1933 900 918 875 
1934 894 917 866 
1935 896 916 876 
1936 878 915 866 
1937 898 916 896 
1938 868 919 895 
1939 377 918 900 
1940 866 915 894 
1941 868 916 898 
1942 895 916 868 
1943 54 917 894 
1944 875 918 52 
1945 895 919 84 
1946 82 920 876 
1947 894 915 875 
1948 876 916 895 
2 11 2 82
1949 283 15 922 
1950 321 25 940 
1951 322 321 939 
1952 325 324 936 
1953 326 325 935 
1954 329 328 932 
1955 331 330 930 
1956 332 331 929 
1957 323 322 938 
1958 324 323 937 
1959 327 326 934 
1960 328 327 933 
1961 330 329 931 
1962 333 332 928 
1963 334 333 927 
1964 335 334 926 
1965 336 335 925 
1966 337 336 924 
1967 338 337 923 
1968 339 338 921 
1969 284 283 921 
1970 285 284 923 
1971 286 285 924 
1972 287 286 925 
1973 288 287 926 
1974 289 288 927 
1975 290 289 928 
1976 291 290 929 
1977 292 291 930 
1978 293 292 931 
1979 294 293 932 
1980 295 294 933 
1981 296 295 934 
1982 297 296 935 
1983 298 297 936 
1984 299 298 937 
1985 300 299 938 
1986 301 300 939 
1987 339 283 922 
1988 301 321 940 
1989 338 284 921 
1990 337 285 923 
1991 336 286 924 
1992 335 287 925 
1993 334 288 926 
1994 333 289 927 
1995 326 296 934 
1996 283 339 921 
1997 284 338 923 
1998 285 337 924 
1999 286 336 925 
2000 287 335 926 
2001 288 334 927 
2002 289 333 928 
2003 323 299 937 
2004 322 300 938 
2005 321 301 939 
2006 332 290 928 
2007 331 291 929 
2008 330 292 930 
2009 329 293 931 
2010 328 294 932 
2011 327 295 933 
2012 325 297 935 
2013 324 298 936 
2014 296 326 935 
2015 297 325 936 
2016 298 324 937 
2017 300 322 939 
2018 299 323 938 
2019 290 332 929 
2020 291 331 930 
2021 292 330 931 
2022 293 329 932 
2023 294 328 933 
2024 295 327 934 
2025 58 14 922 
2026 14 339 922 
2027 15 58 922 
2028 25 92 940 
2029 92 32 940 
2030 32 301 940 
2 12 2 82
2031 302 31 960 
2032 245 10 942 
2033 305 304 957 
2034 307 306 955 
2035 312 311 950 
2036 309 308 953 
2037 313 312 949 
2038 317 316 945 
2039 303 302 959 
2040 304 303 958 
2041 306 305 956 
2042 308 307 954 
2043 310 309 952 
2044 314 313 948 
2045 315 314 947 
2046 316 315 946 
2047 318 317 944 
2048 319 318 943 
2049 320 319 941 
2050 311 310 951 
2051 255 254 951 
2052 249 248 945 
2053 253 252 949 
2054 257 256 953 
2055 246 245 941 
2056 247 246 943 
2057 248 247 944 
2058 250 249 946 
2059 251 250 947 
2060 252 251 948 
2061 256 255 952 
2062 258 257 954 
2063 260 259 956 
2064 262 261 958 
2065 263 262 959 
2066 254 253 950 
2067 259 258 955 
2068 261 260 957 
2069 263 302 960 
2070 320 245 942 
2071 316 249 945 
2072 319 246 941 
2073 318 247 943 
2074 317 248 944 
2075 248 317 945 
2076 315 250 946 
2077 314 251 947 
2078 245 320 941 
2079 246 319 943 
2080 247 318 944 
2081 249 316 946 
2082 250 315 947 
2083 251 314 948 
2084 306 259 955 
2085 258 307 955 
2086 259 306 956 
2087 260 305 957 
2088 304 261 957 
2089 303 262 958 
2090 302 263 959 
2091 312 253 949 
2092 310 255 951 
2093 308 257 953 
2094 313 252 948 
2095 311 254 950 
2096 309 256 952 
2097 307 258 954 
2098 305 260 956 
2099 261 304 958 
2100 262 303 959 
2101 252 313 949 
2102 253 312 950 
2103 254 311 951 
2104 255 310 952 
2105 256 309 953 
2106 257 308 954 
2107 10 62 942 
2108 62 16 942 
2109 16 320 942 
2110 88 30 960 
2111 30 263 960 
2112 31 88 960 
2 13 2 82
2113 149 980 2 
2114 187 962 17 
2115 170 978 171 
2116 171 977 172 
2117 172 976 173 
2118 173 975 174 
2119 174 974 175 
2120 175 973 176 
2121 176 972 177 
2122 177 971 178 
2123 178 970 179 
2124 179 969 180 
2125 182 966 183 
2126 183 965 184 
2127 186 961 187 
2128 148 979 149 
2129 169 979 170 
2130 180 968 181 
2131 181 967 182 
2132 184 964 185 
2133 185 963 186 
2134 132 963 133 
2135 133 964 134 
2136 136 967 137 
2137 137 968 138 
2138 131 961 132 
2139 134 965 135 
2140 135 966 136 
2141 138 969 139 
2142 139 970 140 
2143 140 971 141 
2144 141 972 142 
2145 142 973 143 
2146 143 974 144 
2147 144 975 145 
2148 145 976 146 
2149 146 977 147 
2150 147 978 148 
2151 134 964 184 
2152 133 963 185 
2153 138 968 180 
2154 137 967 181 
2155 149 979 169 
2156 169 980 149 
2157 131 962 187 
2158 175 974 143 
2159 174 975 144 
2160 173 976 145 
2161 172 977 146 
2162 171 978 147 
2163 184 965 134 
2164 183 966 135 
2165 143 973 175 
2166 144 974 174 
2167 145 975 173 
2168 146 976 172 
2169 147 977 171 
2170 148 978 170 
2171 187 961 131 
2172 180 969 138 
2173 179 970 139 
2174 178 971 140 
2175 177 972 141 
2176 176 973 142 
2177 135 965 183 
2178 136 966 182 
2179 132 961 186 
2180 139 969 179 
2181 140 970 178 
2182 141 971 177 
2183 142 972 176 
2184 170 979 148 
2185 181 968 137 
2186 186 963 132 
2187 185 964 133 
2188 182 967 136 
2189 2 980 37 
2190 37 980 3 
2191 3 980 169 
2192 17 962 65 
2193 65 962 19 
2194 19 962 131 
2 14 2 82
2195 111 1000 8 
2196 168 982 20 
2197 151 991 152 
2198 152 990 153 
2199 154 989 155 
2200 155 988 156 
2201 156 987 157 
2202 157 986 158 
2203 158 985 159 
2204 162 984 163 
2205 163 983 164 
2206 167 981 168 
2207 160 996 161 
2208 150 999 151 
2209 153 998 154 
2210 94 992 95 
2211 95 993 96 
2212 96 994 97 
2213 99 995 100 
2214 100 996 101 
2215 101 997 102 
2216 107 998 108 
2217 110 999 111 
2218 159 997 160 
2219 161 995 162 
2220 164 994 165 
2221 165 993 166 
2222 166 992 167 
2223 93 981 94 
2224 97 983 98 
2225 98 984 99 
2226 102 985 103 
2227 103 986 104 
2228 104 987 105 
2229 105 988 106 
2230 106 989 107 
2231 108 990 109 
2232 109 991 110 
2233 95 992 166 
2234 96 993 165 
2235 97 994 164 
2236 100 995 161 
2237 102 997 159 
2238 108 998 153 
2239 111 999 150 
2240 101 996 160 
2241 150 1000 111 
2242 93 982 168 
2243 105 987 156 
2244 156 988 105 
2245 106 988 155 
2246 155 989 106 
2247 107 989 154 
2248 153 990 108 
2249 109 990 152 
2250 152 991 109 
2251 110 991 151 
2252 168 981 93 
2253 94 981 167 
2254 164 983 97 
2255 98 983 163 
2256 163 984 98 
2257 99 984 162 
2258 159 985 102 
2259 103 985 158 
2260 158 986 103 
2261 104 986 157 
2262 157 987 104 
2263 161 996 100 
2264 154 998 107 
2265 151 999 110 
2266 162 995 99 
2267 160 997 101 
2268 167 992 94 
2269 166 993 95 
2270 165 994 96 
2271 48 1000 1 
2272 1 1000 150 
2273 8 1000 48 
2274 20 982 70 
2275 70 982 21 
2276 21 982 93 
2 15 2 82
2277 340 13 1002 
2278 359 27 1020 
2279 362 361 1017 
2280 366 365 1013 
2281 367 366 1012 
2282 368 367 1011 
2283 369 368 1010 
2284 377 376 1001 
2285 360 359 1019 
2286 361 360 1018 
2287 363 362 1016 
2288 364 363 1015 
2289 365 364 1014 
2290 370 369 1009 
2291 371 370 1008 
2292 372 371 1007 
2293 373 372 1006 
2294 375 374 1004 
2295 374 373 1005 
2296 376 375 1003 
2297 342 341 1003 
2298 344 343 1005 
2299 343 342 1004 
2300 345 344 1006 
2301 346 345 1007 
2302 347 346 1008 
2303 348 347 1009 
2304 353 352 1014 
2305 354 353 1015 
2306 355 354 1016 
2307 357 356 1018 
2308 358 357 1019 
2309 341 340 1001 
2310 349 348 1010 
2311 350 349 1011 
2312 351 350 1012 
2313 352 351 1013 
2314 356 355 1017 
2315 358 359 1020 
2316 377 340 1002 
2317 340 377 1001 
2318 341 376 1003 
2319 342 375 1004 
2320 343 374 1005 
2321 344 373 1006 
2322 345 372 1007 
2323 346 371 1008 
2324 376 341 1001 
2325 375 342 1003 
2326 374 343 1004 
2327 373 344 1005 
2328 372 345 1006 
2329 371 346 1007 
2330 356 361 1018 
2331 357 360 1019 
2332 347 370 1009 
2333 352 365 1014 
2334 353 364 1015 
2335 354 363 1016 
2336 361 356 1017 
2337 360 357 1018 
2338 359 358 1019 
2339 370 347 1008 
2340 369 348 1009 
2341 368 349 1010 
2342 367 350 1011 
2343 366 351 1012 
2344 365 352 1013 
2345 364 353 1014 
2346 363 354 1015 
2347 362 355 1016 
2348 348 369 1010 
2349 349 368 1011 
2350 350 367 1012 
2351 351 366 1013 
2352 355 362 1017 
2353 55 12 1002 
2354 12 377 1002 
2355 13 55 1002 
2356 81 26 1020 
2357 26 358 1020 
2358 27 81 1020 
2 16 2 82
2359 378 11 1040 
2360 264 29 1026 
2361 379 378 1039 
2362 380 379 1038 
2363 381 380 1037 
2364 382 381 1036 
2365 383 382 1035 
2366 384 383 1024 
2367 386 385 1033 
2368 387 386 1032 
2369 389 388 1022 
2370 391 390 1030 
2371 392 391 1029 
2372 393 392 1028 
2373 394 393 1021 
2374 396 395 1025 
2375 385 384 1034 
2376 388 387 1023 
2377 390 389 1031 
2378 395 394 1027 
2379 273 272 1023 
2380 276 275 1034 
2381 266 265 1027 
2382 271 270 1031 
2383 265 264 1025 
2384 267 266 1021 
2385 268 267 1028 
2386 269 268 1029 
2387 270 269 1030 
2388 272 271 1022 
2389 274 273 1032 
2390 275 274 1033 
2391 277 276 1024 
2392 278 277 1035 
2393 279 278 1036 
2394 280 279 1037 
2395 281 280 1038 
2396 282 281 1039 
2397 265 395 1027 
2398 275 385 1034 
2399 270 390 1031 
2400 387 273 1023 
2401 282 378 1040 
2402 396 264 1026 
2403 276 384 1024 
2404 277 383 1035 
2405 278 382 1036 
2406 279 381 1037 
2407 280 380 1038 
2408 281 379 1039 
2409 264 396 1025 
2410 266 394 1021 
2411 267 393 1028 
2412 268 392 1029 
2413 269 391 1030 
2414 271 389 1022 
2415 273 387 1032 
2416 274 386 1033 
2417 383 277 1024 
2418 382 278 1035 
2419 381 279 1036 
2420 380 280 1037 
2421 379 281 1038 
2422 378 282 1039 
2423 395 265 1025 
2424 393 267 1021 
2425 392 268 1028 
2426 391 269 1029 
2427 390 270 1030 
2428 388 272 1022 
2429 386 274 1032 
2430 385 275 1033 
2431 272 388 1023 
2432 389 271 1031 
2433 384 276 1034 
2434 394 266 1027 
2435 51 9 1040 
2436 9 282 1040 
2437 11 51 1040 
2438 85 28 1026 
2439 28 396 1026 
2440 29 85 1026 
2 17 2 82
2441 225 1042 24 
2442 206 1060 4 
2443 207 1059 208 
2444 208 1058 209 
2445 209 1057 210 
2446 212 1054 213 
2447 217 1049 218 
2448 222 1044 223 
2449 223 1043 224 
2450 224 1041 225 
2451 210 1056 211 
2452 191 1045 192 
2453 192 1046 193 
2454 193 1047 194 
2455 194 1048 195 
2456 196 1050 197 
2457 197 1051 198 
2458 198 1052 199 
2459 199 1053 200 
2460 201 1055 202 
2461 211 1055 212 
2462 213 1053 214 
2463 214 1052 215 
2464 215 1051 216 
2465 216 1050 217 
2466 218 1048 219 
2467 219 1047 220 
2468 220 1046 221 
2469 221 1045 222 
2470 202 1056 203 
2471 188 1041 189 
2472 189 1043 190 
2473 190 1044 191 
2474 195 1049 196 
2475 200 1054 201 
2476 203 1057 204 
2477 204 1058 205 
2478 205 1059 206 
2479 203 1056 210 
2480 192 1045 221 
2481 193 1046 220 
2482 194 1047 219 
2483 198 1051 215 
2484 199 1052 214 
2485 195 1048 218 
2486 197 1050 216 
2487 200 1053 213 
2488 202 1055 211 
2489 188 1042 225 
2490 207 1060 206 
2491 213 1054 200 
2492 210 1057 203 
2493 209 1058 204 
2494 208 1059 205 
2495 201 1054 212 
2496 204 1057 209 
2497 205 1058 208 
2498 206 1059 207 
2499 225 1041 188 
2500 224 1043 189 
2501 223 1044 190 
2502 189 1041 224 
2503 190 1043 223 
2504 191 1044 222 
2505 218 1049 195 
2506 196 1049 217 
2507 219 1048 194 
2508 217 1050 196 
2509 214 1053 199 
2510 212 1055 201 
2511 222 1045 191 
2512 221 1046 192 
2513 220 1047 193 
2514 216 1051 197 
2515 215 1052 198 
2516 211 1056 202 
2517 4 1060 40 
2518 40 1060 5 
2519 5 1060 207 
2520 78 1042 18 
2521 18 1042 188 
2522 24 1042 78 
2 18 2 82
2523 244 1066 6 
2524 130 1080 22 
2525 227 1078 228 
2526 228 1077 229 
2527 229 1076 230 
2528 231 1074 232 
2529 232 1064 233 
2530 233 1073 234 
2531 234 1063 235 
2532 235 1072 236 
2533 236 1071 237 
2534 240 1067 241 
2535 241 1062 242 
2536 242 1061 243 
2537 243 1065 244 
2538 118 1070 119 
2539 230 1075 231 
2540 238 1069 239 
2541 117 1069 118 
2542 226 1079 227 
2543 239 1068 240 
2544 237 1070 238 
2545 116 1068 117 
2546 125 1075 126 
2547 129 1079 130 
2548 112 1065 113 
2549 113 1061 114 
2550 114 1062 115 
2551 115 1067 116 
2552 119 1071 120 
2553 120 1072 121 
2554 121 1063 122 
2555 122 1073 123 
2556 123 1064 124 
2557 124 1074 125 
2558 126 1076 127 
2559 127 1077 128 
2560 128 1078 129 
2561 130 1079 226 
2562 119 1070 237 
2563 126 1075 230 
2564 118 1069 238 
2565 117 1068 239 
2566 112 1066 244 
2567 226 1080 130 
2568 113 1065 243 
2569 114 1061 242 
2570 115 1062 241 
2571 116 1067 240 
2572 244 1065 112 
2573 243 1061 113 
2574 242 1062 114 
2575 241 1067 115 
2576 125 1074 231 
2577 127 1076 229 
2578 128 1077 228 
2579 129 1078 227 
2580 120 1071 236 
2581 121 1072 235 
2582 122 1063 234 
2583 123 1073 233 
2584 124 1064 232 
2585 230 1076 126 
2586 229 1077 127 
2587 237 1071 119 
2588 236 1072 120 
2589 234 1073 122 
2590 232 1074 124 
2591 228 1078 128 
2592 235 1063 121 
2593 233 1064 123 
2594 240 1068 116 
2595 239 1069 117 
2596 231 1075 125 
2597 238 1070 118 
2598 227 1079 129 
2599 6 1066 45 
2600 45 1066 7 
2601 7 1066 112 
2602 22 1080 73 
2603 73 1080 23 
2604 23 1080 226 
3 1 4 3123
2605 314 315 947 155 
2606 612 578 828 613 
2607 648 688 914 859 
2608 27 709 419 74 
2609 910 890 867 660 
2610 751 465 714 431 
2611 724 464 750 439 
2612 714 465 450 461 
2613 561 533 804 545 
2614 907 913 694 862 
2615 1054 200 1007 213 
2616 396 226 1025 227 
2617 895 680 625 76 
2618 906 695 656 864 
2619 952 256 161 100 
2620 820 352 582 605 
2621 538 559 761 512 
2622 686 654 703 901 
2623 160 161 309 495 
2624 385 667 384 886 
2625 316 317 153 530 
2626 389 388 675 234 
2627 93 94 981 959 
2628 724 467 464 439 
2629 202 1056 211 1005 
2630 619 857 840 834 
2631 63 566 817 839 
2632 142 929 972 141 
2633 358 26 624 837 
2634 213 214 1008 370 
2635 782 804 764 545 
2636 907 669 694 913 
2637 793 554 795 753 
2638 108 107 450 249 
2639 575 598 323 185 
2640 871 641 667 384 
2641 466 715 464 432 
2642 530 317 783 316 
2643 245 111 150 942 
2644 117 239 1068 1035 
2645 373 372 212 1006 
2646 188 1042 1020 225 
2647 306 955 259 164 
2648 1033 120 1071 236 
2649 200 201 345 570 
2650 636 646 874 880 
2651 2 149 922 980 
2652 595 847 578 613 
2653 248 249 450 738 
2654 143 927 974 175 
2655 392 1029 230 268 
2656 570 823 852 614 
2657 186 322 323 575 
2658 799 524 523 525 
2659 601 624 840 358 
2660 807 775 520 523 
2661 312 311 494 159 
2662 624 817 840 837 
2663 152 318 247 943 
2664 503 491 773 765 
2665 971 178 930 177 
2666 303 304 166 490 
2667 705 674 882 631 
2668 502 319 151 499 
2669 592 203 569 343 
2670 158 103 950 985 
2671 654 642 655 870 
2672 245 478 735 455 
2673 912 706 892 662 
2674 691 889 908 873 
2675 926 287 145 335 
2676 842 609 583 856 
2677 386 385 640 237 
2678 271 272 424 748 
2679 297 135 935 136 
2680 672 671 887 669 
2681 752 714 431 279 
2682 469 719 741 437 
2683 46 9 476 401 
2684 581 846 831 331 
2685 111 110 455 246 
2686 383 239 663 641 
2687 1024 1069 239 238 
2688 828 851 591 613 
2689 793 539 554 753 
2690 186 187 321 600 
2691 804 533 531 545 
2692 842 832 608 609 
2693 318 319 151 502 
2694 663 382 885 870 
2695 1017 361 687 223 
2696 371 1008 213 346 
2697 344 1005 202 211 
2698 472 725 740 718 
2699 235 234 388 1023 
2700 483 297 135 544 
2701 567 841 603 621 
2702 384 385 237 667 
2703 686 899 685 877 
2704 275 716 434 274 
2705 934 182 136 326 
2706 1002 708 207 377 
2707 650 658 865 897 
2708 722 248 430 738 
2709 273 272 717 440 
2710 599 574 183 325 
2711 285 147 337 923 
2712 735 737 474 730 
2713 845 572 830 604 
2714 329 179 584 178 
2715 164 165 305 497 
2716 184 936 324 134 
2717 367 350 1012 217 
2718 859 662 910 892 
2719 250 251 449 739 
2720 770 814 61 536 
2721 442 271 748 718 
2722 396 707 226 644 
2723 1017 191 222 355 
2724 368 693 630 216 
2725 1049 196 1012 195 
2726 180 932 138 969 
2727 640 669 887 671 
2728 223 222 687 1017 
2729 472 435 740 459 
2730 392 230 637 659 
2731 661 706 912 662 
2732 775 776 800 520 
2733 231 391 1030 269 
2734 109 943 152 247 
2735 167 303 490 512 
2736 696 881 670 630 
2737 699 902 898 858 
2738 356 355 580 191 
2739 268 126 452 125 
2740 363 354 221 1015 
2741 475 736 745 729 
2742 292 930 140 330 
2743 462 741 719 437 
2744 389 390 232 638 
2745 341 825 342 568 
2746 885 871 664 904 
2747 556 766 790 810 
2748 357 358 601 840 
2749 170 338 337 923 
2750 198 215 348 1009 
2751 866 917 894 682 
2752 39 622 13 403 
2753 279 280 438 752 
2754 941 151 150 999 
2755 362 687 361 891 
2756 182 326 327 573 
2757 550 808 515 517 
2758 263 30 479 734 
2759 321 17 623 187 
2760 774 548 525 485 
2761 17 940 417 412 
2762 356 190 1018 223 
2763 822 846 618 827 
2764 202 201 345 1006 
2765 60 34 480 35 
2766 794 540 761 559 
2767 189 188 358 1019 
2768 368 216 630 215 
2769 237 238 1034 384 
2770 476 112 282 454 
2771 282 476 401 7 
2772 374 210 1004 343 
2773 866 704 657 682 
2774 793 792 555 539 
2775 722 752 460 713 
2776 845 581 584 617 
2777 354 587 842 355 
2778 898 896 684 858 
2779 1000 942 399 1 
2780 626 42 875 681 
2781 1024 277 383 239 
2782 866 685 878 877 
2783 883 698 666 628 
2784 992 95 958 94 
2785 642 653 381 879 
2786 243 242 380 1038 
2787 1040 397 51 404 
2788 556 555 506 810 
2789 661 637 660 867 
2790 716 721 468 749 
2791 580 191 355 587 
2792 668 697 665 903 
2793 775 520 522 495 
2794 247 451 737 460 
2795 166 490 304 508 
2796 983 955 164 97 
2797 155 154 316 946 
2798 107 106 250 946 
2799 509 809 767 779 
2800 250 249 429 107 
2801 494 775 523 522 
2802 247 430 451 460 
2803 945 107 998 108 
2804 494 775 762 523 
2805 320 319 151 941 
2806 168 20 982 960 
2807 421 456 475 736 
2808 131 321 301 939 
2809 261 446 436 728 
2810 1043 189 1018 224 
2811 191 190 580 356 
2812 794 513 501 760 
2813 136 296 935 297 
2814 842 819 832 609 
2815 136 326 182 935 
2816 661 889 637 867 
2817 892 662 706 632 
2818 391 390 677 232 
2819 231 1075 230 1029 
2820 805 776 769 519 
2821 472 435 463 718 
2822 238 667 641 384 
2823 245 942 150 320 
2824 474 713 737 460 
2825 151 150 499 320 
2826 245 111 941 150 
2827 255 441 101 458 
2828 574 325 832 324 
2829 356 1018 361 223 
2830 1017 190 356 223 
2831 264 130 129 1025 
2832 763 782 493 528 
2833 356 586 190 580 
2834 143 333 928 289 
2835 530 531 492 764 
2836 654 879 870 901 
2837 751 723 714 465 
2838 945 107 249 154 
2839 652 359 709 225 
2840 354 583 842 587 
2841 634 687 891 361 
2842 1030 270 232 124 
2843 680 84 919 77 
2844 452 747 719 269 
2845 255 744 725 441 
2846 215 369 630 368 
2847 389 390 1031 232 
2848 67 89 538 789 
2849 306 164 259 956 
2850 305 165 957 166 
2851 267 127 126 1028 
2852 359 360 224 652 
2853 264 265 456 736 
2854 321 322 186 600 
2855 820 844 605 597 
2856 147 148 923 284 
2857 567 620 841 835 
2858 822 596 618 846 
2859 623 834 321 600 
2860 321 417 17 940 
2861 469 726 741 719 
2862 521 519 805 552 
2863 144 334 927 288 
2864 1002 398 5 407 
2865 761 303 302 512 
2866 895 625 916 876 
2867 771 789 90 481 
2868 541 767 509 809 
2869 67 481 90 789 
2870 474 730 737 713 
2871 54 917 682 894 
2872 1004 210 1057 203 
2873 815 32 69 91 
2874 19 131 962 940 
2875 253 254 102 428 
2876 882 693 674 630 
2877 391 390 232 1030 
2878 102 159 950 985 
2879 381 879 653 380 
2880 561 755 802 804 
2881 291 486 774 548 
2882 469 448 726 463 
2883 221 222 362 633 
2884 684 360 858 896 
2885 223 361 634 360 
2886 356 610 818 857 
2887 648 688 647 914 
2888 770 792 814 536 
2889 567 835 841 816 
2890 824 607 848 594 
2891 980 37 3 400 
2892 414 982 960 93 
2893 298 544 297 759 
2894 462 447 741 437 
2895 102 103 950 253 
2896 647 890 660 659 
2897 423 442 270 124 
2898 387 386 671 236 
2899 581 831 330 331 
2900 1033 119 275 237 
2901 120 274 273 1032 
2902 39 57 816 38 
2903 174 334 335 578 
2904 561 804 802 545 
2905 344 1005 211 373 
2906 343 342 204 1004 
2907 253 428 443 743 
2908 1026 22 1080 409 
2909 923 170 148 978 
2910 722 460 752 461 
2911 109 152 943 991 
2912 309 310 952 160 
2913 473 441 717 744 
2914 220 219 365 1014 
2915 328 844 572 597 
2916 561 802 788 529 
2917 803 756 788 529 
2918 537 91 68 771 
2919 356 355 191 1017 
2920 190 189 586 357 
2921 240 1036 1067 116 
2922 919 28 707 77 
2923 699 898 684 858 
2924 126 268 427 267 
2925 234 233 675 389 
2926 121 122 272 440 
2927 807 787 525 549 
2928 984 954 98 99 
2929 720 471 746 453 
2930 686 635 879 877 
2931 46 712 47 422 
2932 899 658 865 703 
2933 289 288 755 487 
2934 618 846 579 827 
2935 679 692 905 893 
2936 920 709 652 359 
2937 325 183 182 935 
2938 305 306 164 497 
2939 374 210 343 1005 
2940 696 214 629 370 
2941 668 667 640 886 
2942 381 241 1037 242 
2943 532 778 755 533 
2944 906 901 654 870 
2945 382 240 1036 241 
2946 725 740 256 459 
2947 395 644 880 868 
2948 435 740 257 448 
2949 634 891 699 858 
2950 747 718 442 463 
2951 633 892 363 690 
2952 732 71 29 86 
2953 356 610 586 580 
2954 306 768 307 514 
2955 983 163 164 955 
2956 473 721 458 744 
2957 995 100 161 953 
2958 466 739 715 723 
2959 160 161 952 309 
2960 273 121 445 120 
2961 751 444 431 278 
2962 377 12 708 918 
2963 370 371 1008 213 
2964 310 160 255 952 
2965 161 162 308 518 
2966 463 718 740 726 
2967 1022 272 388 234 
2968 305 497 767 779 
2969 472 725 718 748 
2970 1021 127 1077 128 
2971 199 1008 214 347 
2972 316 317 945 153 
2973 567 836 622 835 
2974 315 534 492 155 
2975 570 346 823 345 
2976 883 864 372 628 
2977 751 277 715 432 
2978 871 384 667 886 
2979 212 698 372 628 
2980 277 278 444 751 
2981 578 613 847 828 
2982 345 344 591 202 
2983 922 408 2 400 
2984 337 171 593 170 
2985 895 83 84 76 
2986 421 477 456 736 
2987 899 703 865 901 
2988 869 669 668 911 
2989 473 440 717 441 
2990 231 1030 125 269 
2991 360 224 223 1018 
2992 472 718 442 748 
2993 239 240 1068 1035 
2994 864 628 666 695 
2995 820 352 605 855 
2996 696 370 881 369 
2997 210 1005 1056 203 
2998 288 289 927 143 
2999 661 910 912 867 
3000 64 80 837 26 
3001 895 84 680 76 
3002 1000 8 48 399 
3003 276 275 119 1034 
3004 344 211 202 1006 
3005 113 281 280 1038 
3006 238 276 1034 384 
3007 663 655 885 664 
3008 366 367 1012 217 
3009 192 1016 221 1045 
3010 873 675 389 888 
3011 936 135 965 183 
3012 339 149 169 922 
3013 283 284 921 148 
3014 200 346 1007 213 
3015 392 230 231 637 
3016 905 705 861 692 
3017 473 717 721 744 
3018 255 441 725 459 
3019 249 248 108 945 
3020 995 99 100 953 
3021 96 994 956 97 
3022 866 704 685 657 
3023 205 1003 208 1058 
3024 43 53 626 42 
3025 63 623 25 417 
3026 585 614 852 827 
3027 883 903 666 863 
3028 883 864 666 904 
3029 696 881 629 670 
3030 58 400 922 405 
3031 505 488 754 777 
3032 1055 202 211 1006 
3033 848 829 336 577 
3034 58 408 922 400 
3035 780 768 496 307 
3036 1078 1027 128 129 
3037 468 428 721 743 
3038 261 958 166 95 
3039 448 726 463 740 
3040 177 178 930 330 
3041 335 173 594 172 
3042 758 553 296 295 
3043 786 517 758 484 
3044 770 35 61 60 
3045 494 524 762 781 
3046 246 245 111 941 
3047 710 917 657 682 
3048 1038 1061 114 113 
3049 16 406 563 33 
3050 474 451 737 455 
3051 244 6 1066 1040 
3052 689 627 656 884 
3053 196 195 589 351 
3054 198 197 590 349 
3055 92 940 412 417 
3056 64 80 63 817 
3057 92 25 940 417 
3058 540 490 772 512 
3059 1019 188 1041 189 
3060 94 93 457 263 
3061 1018 224 189 357 
3062 68 90 771 91 
3063 308 309 953 161 
3064 639 387 887 671 
3065 302 168 512 167 
3066 611 850 592 607 
3067 763 493 782 314 
3068 841 849 620 603 
3069 340 4 206 1002 
3070 561 529 788 487 
3071 344 591 202 569 
3072 127 267 266 1021 
3073 69 19 420 562 
3074 142 332 176 929 
3075 214 347 1008 370 
3076 570 346 852 823 
3077 373 372 628 212 
3078 293 292 140 931 
3079 1002 55 13 403 
3080 36 61 814 536 
3081 36 15 408 564 
3082 593 337 611 577 
3083 532 533 755 487 
3084 922 2 408 564 
3085 498 815 791 301 
3086 331 332 596 846 
3087 473 721 717 749 
3088 822 846 831 606 
3089 379 380 635 877 
3090 245 402 8 942 
3091 773 318 765 491 
3092 502 319 773 318 
3093 399 942 62 406 
3094 422 730 735 474 
3095 207 5 1002 1060 
3096 209 1058 208 1003 
3097 1010 1051 216 215 
3098 710 917 378 657 
3099 237 236 386 1033 
3100 665 871 667 886 
3101 46 422 731 712 
3102 1022 1073 123 122 
3103 241 381 382 642 
3104 287 286 488 146 
3105 923 978 147 171 
3106 376 650 375 897 
3107 147 146 924 977 
3108 872 388 675 888 
3109 550 510 806 511 
3110 872 639 387 887 
3111 237 238 384 667 
3112 435 257 99 448 
3113 494 762 312 781 
3114 493 781 526 313 
3115 182 326 325 935 
3116 911 670 697 863 
3117 1050 196 1011 217 
3118 215 214 1009 1052 
3119 367 217 631 693 
3120 214 347 370 1009 
3121 137 933 181 327 
3122 758 517 808 784 
3123 424 472 725 441 
3124 510 779 806 509 
3125 193 194 1047 1014 
3126 340 403 622 4 
3127 483 297 759 784 
3128 354 353 193 1015 
3129 232 233 389 638 
3130 269 125 124 1030 
3131 590 198 348 571 
3132 918 377 643 708 
3133 918 708 41 12 
3134 918 708 643 681 
3135 710 11 44 404 
3136 752 460 438 461 
3137 401 9 476 282 
3138 1039 282 378 244 
3139 878 899 685 658 
3140 592 342 825 568 
3141 109 990 108 944 
3142 59 790 60 34 
3143 172 336 924 337 
3144 798 797 504 783 
3145 824 850 829 607 
3146 224 225 1019 359 
3147 815 69 32 562 
3148 64 415 624 18 
3149 63 17 623 417 
3150 321 17 187 940 
3151 63 839 817 79 
3152 358 357 189 1019 
3153 739 429 250 723 
3154 665 667 871 641 
3155 665 904 664 871 
3156 310 255 160 951 
3157 609 819 583 856 
3158 598 608 843 832 
3159 192 191 587 355 
3160 550 806 515 808 
3161 892 706 860 632 
3162 678 893 860 365 
3163 260 261 436 742 
3164 869 669 911 907 
3165 258 741 437 448 
3166 255 725 256 459 
3167 567 39 816 38 
3168 503 798 505 504 
3169 1000 8 942 111 
3170 705 882 861 631 
3171 323 185 938 186 
3172 219 1014 352 365 
3173 1043 190 1018 189 
3174 191 190 356 1017 
3175 472 463 442 718 
3176 100 99 257 953 
3177 46 731 476 9 
3178 245 8 478 111 
3179 422 733 47 478 
3180 245 402 478 8 
3181 575 186 322 600 
3182 616 833 819 326 
3183 328 294 138 932 
3184 353 354 583 856 
3185 192 583 354 587 
3186 338 339 603 841 
3187 611 577 337 829 
3188 593 849 338 603 
3189 793 539 506 554 
3190 283 339 149 921 
3191 338 284 148 921 
3192 505 777 754 798 
3193 503 491 502 773 
3194 820 855 605 833 
3195 496 514 163 307 
3196 934 181 137 967 
3197 131 962 940 187 
3198 26 358 624 415 
3199 920 709 683 652 
3200 75 82 683 876 
3201 22 73 1080 409 
3202 578 828 847 334 
3203 576 196 589 350 
3204 952 101 996 160 
3205 219 1014 194 352 
3206 352 351 582 195 
3207 678 692 893 861 
3208 447 742 436 471 
3209 305 304 767 508 
3210 898 880 902 649 
3211 261 436 446 95 
3212 273 749 445 440 
3213 255 256 952 459 
3214 193 194 352 588 
3215 196 195 351 1012 
3216 219 352 194 1013 
3217 608 832 574 609 
3218 356 818 610 580 
3219 364 353 1015 220 
3220 786 757 521 484 
3221 936 297 135 325 
3222 301 131 132 498 
3223 916 625 701 876 
3224 541 540 772 796 
3225 680 919 707 77 
3226 394 1027 266 228 
3227 305 508 497 165 
3228 327 181 182 573 
3229 180 181 968 933 
3230 805 519 769 801 
3231 906 664 885 655 
3232 530 783 531 764 
3233 804 531 764 545 
3234 1032 120 274 236 
3235 121 235 1023 1063 
3236 253 158 950 312 
3237 882 630 674 862 
3238 570 346 585 852 
3239 284 285 923 147 
3240 1017 1044 190 223 
3241 1043 223 1018 190 
3242 1019 225 1041 188 
3243 1020 24 410 419 
3244 1026 409 1080 23 
3245 825 835 620 568 
3246 36 814 61 15 
3247 919 84 28 77 
3248 1019 225 188 358 
3249 130 1025 226 1079 
3250 864 666 904 695 
3251 672 872 913 887 
3252 212 372 1007 345 
3253 387 386 236 1032 
3254 423 747 452 269 
3255 232 231 677 391 
3256 275 276 439 750 
3257 732 477 421 736 
3258 413 1026 85 409 
3259 234 233 389 1022 
3260 668 911 903 886 
3261 199 198 571 348 
3262 348 347 199 1009 
3263 665 666 664 904 
3264 770 35 480 536 
3265 626 875 53 894 
3266 59 535 33 813 
3267 399 942 406 1 
3268 116 278 277 1035 
3269 122 272 424 271 
3270 116 278 279 431 
3271 117 277 239 1035 
3272 195 194 352 1013 
3273 225 24 1042 1020 
3274 287 488 754 778 
3275 847 828 613 823 
3276 486 525 774 548 
3277 202 1056 1005 203 
3278 848 607 577 594 
3279 866 915 878 704 
3280 473 749 717 440 
3281 1024 239 1069 117 
3282 233 1022 123 271 
3283 120 274 275 434 
3284 384 385 1034 237 
3285 7 1040 397 401 
3286 1024 118 1069 238 
3287 117 277 432 276 
3288 252 253 443 743 
3289 811 559 481 557 
3290 166 958 992 95 
3291 136 296 297 483 
3292 376 643 208 650 
3293 733 478 422 735 
3294 46 47 712 49 
3295 8 942 399 1000 
3296 722 430 461 738 
3297 474 730 713 433 
3298 151 152 943 318 
3299 153 154 316 530 
3300 722 461 714 738 
3301 109 247 152 944 
3302 281 730 433 713 
3303 686 879 899 877 
3304 422 731 712 730 
3305 686 654 879 653 
3306 1023 122 1063 234 
3307 257 258 954 98 
3308 161 256 309 953 
3309 805 520 776 519 
3310 551 757 521 485 
3311 515 808 806 768 
3312 807 523 549 525 
3313 136 135 935 966 
3314 805 552 519 801 
3315 365 364 220 1014 
3316 551 293 757 485 
3317 327 181 180 933 
3318 510 779 509 497 
3319 938 322 186 132 
3320 325 183 599 182 
3321 427 746 471 453 
3322 266 453 470 720 
3323 75 83 82 876 
3324 97 259 956 260 
3325 67 538 481 789 
3326 761 302 812 512 
3327 227 395 396 644 
3328 812 302 565 512 
3329 166 167 303 490 
3330 241 1036 381 279 
3331 752 461 438 431 
3332 686 635 653 879 
3333 686 703 899 901 
3334 279 115 116 431 
3335 714 461 450 738 
3336 906 864 656 884 
3337 724 425 464 467 
3338 906 904 664 695 
3339 663 642 382 870 
3340 807 800 549 520 
3341 618 614 585 827 
3342 367 366 861 631 
3343 845 831 581 617 
3344 388 389 675 888 
3345 219 1014 1047 194 
3346 647 890 874 914 
3347 727 720 742 471 
3348 647 890 914 660 
3349 593 171 337 577 
3350 532 755 288 487 
3351 898 701 684 896 
3352 93 263 959 168 
3353 223 222 1017 1044 
3354 1016 222 1045 191 
3355 914 890 910 660 
3356 47 478 402 8 
3357 380 379 635 243 
3358 699 649 898 902 
3359 302 168 167 959 
3360 995 161 162 953 
3361 794 796 513 760 
3362 820 854 582 351 
3363 820 844 615 830 
3364 1012 196 217 350 
3365 576 350 589 854 
3366 192 191 1016 1045 
3367 879 635 380 877 
3368 318 319 943 151 
3369 735 455 737 246 
3370 320 319 499 151 
3371 737 455 451 246 
3372 197 196 576 350 
3373 934 553 137 295 
3374 869 887 386 640 
3375 1011 217 196 350 
3376 845 572 329 830 
3377 217 216 1011 1050 
3378 199 198 348 1009 
3379 585 852 347 571 
3380 807 549 800 787 
3381 124 270 269 1030 
3382 905 861 705 909 
3383 466 429 739 723 
3384 990 944 152 153 
3385 313 312 526 158 
3386 793 766 506 810 
3387 451 246 455 110 
3388 179 970 931 139 
3389 131 321 939 187 
3390 172 336 335 925 
3391 174 334 333 927 
3392 176 332 331 929 
3393 19 131 940 562 
3394 141 140 930 971 
3395 299 298 134 937 
3396 790 480 60 34 
3397 1040 51 11 404 
3398 349 197 1011 216 
3399 200 213 1008 346 
3400 824 829 848 607 
3401 65 412 962 17 
3402 962 187 17 940 
3403 242 114 1038 1061 
3404 388 387 235 1023 
3405 639 387 671 235 
3406 424 725 748 441 
3407 244 243 657 379 
3408 364 220 1015 690 
3409 616 855 583 856 
3410 109 152 990 944 
3411 247 246 110 943 
3412 245 733 735 478 
3413 943 110 151 246 
3414 943 151 110 991 
3415 153 152 491 318 
3416 592 850 569 607 
3417 376 900 650 897 
3418 732 736 421 711 
3419 265 456 736 745 
3420 472 740 725 459 
3421 264 413 477 22 
3422 96 165 993 957 
3423 93 959 981 168 
3424 69 420 32 562 
3425 475 470 446 728 
3426 168 565 302 512 
3427 824 612 607 594 
3428 59 813 790 535 
3429 1039 112 282 244 
3430 752 280 438 713 
3431 130 1025 1079 129 
3432 246 245 455 111 
3433 790 535 480 34 
3434 507 564 283 814 
3435 556 790 535 480 
3436 735 474 737 455 
3437 918 52 41 681 
3438 422 474 454 730 
3439 474 460 737 451 
3440 474 713 460 433 
3441 246 247 451 737 
3442 280 114 113 1038 
3443 120 274 1033 275 
3444 16 563 406 942 
3445 563 535 499 813 
3446 1040 244 112 1066 
3447 422 454 476 730 
3448 980 405 922 400 
3449 210 209 627 375 
3450 582 854 615 589 
3451 757 521 485 787 
3452 243 242 635 380 
3453 241 1037 115 279 
3454 281 113 112 1039 
3455 46 49 712 731 
3456 727 742 447 471 
3457 392 890 393 659 
3458 541 508 509 767 
3459 392 637 890 659 
3460 782 764 492 545 
3461 434 467 750 439 
3462 724 464 715 750 
3463 157 948 987 156 
3464 159 158 494 312 
3465 133 299 937 323 
3466 142 143 928 546 
3467 144 487 532 288 
3468 494 159 311 522 
3469 313 314 948 156 
3470 240 382 1036 278 
3471 447 260 96 436 
3472 1023 234 1063 235 
3473 390 873 638 389 
3474 434 445 120 274 
3475 570 852 585 614 
3476 822 852 618 571 
3477 883 372 698 628 
3478 498 300 500 132 
3479 167 303 262 958 
3480 758 784 483 517 
3481 925 145 287 335 
3482 498 301 131 562 
3483 599 609 574 325 
3484 36 61 536 35 
3485 405 980 922 169 
3486 793 506 766 773 
3487 93 263 479 457 
3488 574 609 832 325 
3489 136 137 934 553 
3490 599 182 573 326 
3491 108 107 249 945 
3492 414 72 21 479 
3493 537 68 91 69 
3494 279 115 114 1037 
3495 273 1023 121 235 
3496 242 280 1038 114 
3497 424 717 440 441 
3498 121 1072 1032 235 
3499 36 814 564 536 
3500 923 170 978 171 
3501 900 651 650 897 
3502 770 536 555 792 
3503 770 792 555 810 
3504 915 702 651 704 
3505 626 42 53 875 
3506 219 218 1013 1048 
3507 354 353 583 193 
3508 909 913 882 674 
3509 138 139 932 551 
3510 351 350 589 196 
3511 64 817 63 566 
3512 826 818 843 610 
3513 1019 189 1041 224 
3514 301 32 940 562 
3515 368 630 882 862 
3516 1046 193 220 1015 
3517 137 933 327 295 
3518 934 182 181 967 
3519 653 380 879 635 
3520 243 635 657 379 
3521 134 133 299 937 
3522 498 537 815 562 
3523 538 812 761 789 
3524 811 501 794 559 
3525 366 1013 218 351 
3526 349 576 821 350 
3527 612 848 578 594 
3528 374 689 210 1005 
3529 182 966 935 183 
3530 482 511 759 558 
3531 510 779 497 514 
3532 961 939 186 187 
3533 550 784 806 808 
3534 971 178 140 930 
3535 143 144 927 288 
3536 845 584 572 604 
3537 292 774 787 485 
3538 612 828 578 848 
3539 46 731 422 476 
3540 383 239 240 663 
3541 241 115 1067 1036 
3542 1070 1034 238 118 
3543 1040 11 710 404 
3544 242 380 381 653 
3545 287 532 778 288 
3546 462 727 471 427 
3547 306 497 305 779 
3548 258 954 98 163 
3549 661 660 910 867 
3550 1020 24 419 709 
3551 961 132 186 939 
3552 619 834 826 857 
3553 63 623 839 25 
3554 920 359 652 896 
3555 359 360 1019 224 
3556 817 566 840 834 
3557 188 601 358 624 
3558 619 834 840 566 
3559 1019 225 358 359 
3560 575 322 826 834 
3561 64 26 837 624 
3562 190 189 357 1018 
3563 357 356 586 190 
3564 322 321 834 600 
3565 321 322 939 186 
3566 598 610 826 843 
3567 619 840 601 566 
3568 608 580 355 587 
3569 842 608 832 818 
3570 352 353 1014 193 
3571 367 1011 217 693 
3572 656 654 901 703 
3573 507 283 284 792 
3574 245 10 478 402 
3575 507 149 283 564 
3576 546 928 290 289 
3577 339 14 621 838 
3578 540 761 559 512 
3579 131 301 940 562 
3580 293 292 485 140 
3581 330 331 177 581 
3582 177 178 330 581 
3583 135 325 935 183 
3584 962 940 412 19 
3585 578 335 828 334 
3586 357 356 190 1018 
3587 842 355 608 818 
3588 826 818 610 857 
3589 184 324 598 323 
3590 504 765 783 491 
3591 752 438 460 713 
3592 146 145 488 287 
3593 472 740 435 718 
3594 98 99 257 448 
3595 308 257 162 953 
3596 434 468 445 749 
3597 316 315 155 946 
3598 618 846 596 579 
3599 668 911 697 903 
3600 140 330 930 178 
3601 344 591 569 851 
3602 142 141 291 929 
3603 918 643 900 681 
3604 285 147 542 924 
3605 798 783 504 765 
3606 852 614 823 827 
3607 822 853 571 606 
3608 347 346 585 200 
3609 371 883 372 698 
3610 253 158 312 949 
3611 518 769 309 495 
3612 254 428 721 458 
3613 663 885 655 870 
3614 722 460 247 737 
3615 714 450 465 738 
3616 450 430 248 738 
3617 438 115 279 431 
3618 202 203 1005 343 
3619 209 627 375 650 
3620 340 13 403 1002 
3621 1002 407 708 12 
3622 95 261 436 260 
3623 470 742 728 720 
3624 167 958 262 94 
3625 67 481 68 90 
3626 245 10 402 942 
3627 380 379 243 1038 
3628 422 476 731 730 
3629 46 476 7 401 
3630 114 438 280 433 
3631 691 677 661 889 
3632 786 552 805 801 
3633 393 392 230 1028 
3634 219 1013 194 1048 
3635 199 214 1008 1053 
3636 1052 215 198 1009 
3637 884 865 703 901 
3638 241 381 1037 279 
3639 476 454 282 730 
3640 476 282 731 730 
3641 279 115 1036 116 
3642 466 444 465 723 
3643 575 323 826 322 
3644 910 662 688 660 
3645 240 1036 116 278 
3646 526 781 312 313 
3647 160 159 311 951 
3648 916 898 701 649 
3649 538 89 812 789 
3650 1040 112 7 1066 
3651 271 123 122 1022 
3652 266 720 470 745 
3653 427 453 267 746 
3654 291 486 548 141 
3655 803 547 756 529 
3656 910 662 912 892 
3657 135 935 966 183 
3658 321 417 623 17 
3659 25 321 623 839 
3660 367 368 1011 693 
3661 807 525 787 774 
3662 179 931 970 178 
3663 581 831 846 606 
3664 273 717 749 440 
3665 233 675 389 638 
3666 230 1029 126 268 
3667 230 229 659 393 
3668 267 268 427 746 
3669 240 116 1068 1035 
3670 466 429 449 739 
3671 724 750 467 439 
3672 1033 1071 237 236 
3673 238 1034 276 118 
3674 117 277 444 432 
3675 276 118 439 432 
3676 619 857 601 840 
3677 300 299 500 133 
3678 298 134 937 324 
3679 449 425 464 739 
3680 157 986 104 949 
3681 724 750 716 467 
3682 241 115 1036 279 
3683 431 444 116 278 
3684 365 366 218 678 
3685 231 1029 125 1075 
3686 351 350 196 1012 
3687 328 138 180 932 
3688 581 596 846 331 
3689 930 177 331 141 
3690 291 929 141 331 
3691 899 865 658 897 
3692 142 143 973 928 
3693 929 177 141 331 
3694 59 34 33 535 
3695 626 875 702 681 
3696 169 339 603 338 
3697 838 816 567 841 
3698 922 564 408 15 
3699 979 170 148 921 
3700 3 38 621 405 
3701 164 165 956 305 
3702 259 97 164 955 
3703 253 254 950 102 
3704 256 257 435 740 
3705 254 159 311 950 
3706 159 158 312 950 
3707 642 381 870 879 
3708 114 280 279 1037 
3709 642 381 382 870 
3710 980 37 400 2 
3711 979 148 149 921 
3712 906 654 655 870 
3713 231 391 1029 392 
3714 678 893 366 861 
3715 475 728 729 745 
3716 758 295 484 553 
3717 616 573 833 326 
3718 353 588 352 855 
3719 353 583 588 855 
3720 396 226 707 1026 
3721 396 919 707 644 
3722 396 1025 226 264 
3723 396 226 1026 264 
3724 179 932 180 969 
3725 179 329 572 328 
3726 550 510 515 806 
3727 550 517 483 784 
3728 550 483 511 784 
3729 982 411 414 960 
3730 93 479 414 21 
3731 414 30 263 960 
3732 414 88 960 411 
3733 1002 207 340 377 
3734 1002 55 407 12 
3735 1002 398 407 55 
3736 1039 243 379 281 
3737 1039 113 243 281 
3738 1039 1065 243 113 
3739 281 113 454 112 
3740 392 637 391 867 
3741 392 230 1029 231 
3742 392 867 890 637 
3743 820 351 582 352 
3744 820 605 844 833 
3745 394 636 880 645 
3746 394 228 229 636 
3747 394 880 636 874 
3748 394 880 395 645 
3749 394 228 645 227 
3750 394 228 227 1027 
3751 58 922 14 405 
3752 50 47 733 10 
3753 50 712 47 49 
3754 343 344 202 569 
3755 344 345 591 851 
3756 345 344 202 1006 
3757 344 569 824 851 
3758 648 687 633 891 
3759 648 699 634 891 
3760 648 634 687 891 
3761 648 633 859 891 
3762 1019 357 224 360 
3763 498 791 537 557 
3764 109 943 110 991 
3765 110 109 451 247 
3766 530 492 154 316 
3767 530 783 504 531 
3768 866 379 657 877 
3769 866 379 378 657 
3770 866 378 917 657 
3771 1039 112 244 1065 
3772 1021 228 1077 229 
3773 1021 128 1077 228 
3774 1021 266 128 228 
3775 1021 267 393 229 
3776 229 393 1021 394 
3777 350 349 197 1011 
3778 198 197 349 1010 
3779 349 590 576 197 
3780 349 576 590 853 
3781 31 302 565 812 
3782 364 632 892 860 
3783 364 690 892 632 
3784 365 364 632 220 
3785 364 632 860 365 
3786 180 328 327 933 
3787 327 181 597 180 
3788 328 180 179 932 
3789 328 138 294 933 
3790 543 505 798 504 
3791 543 798 505 754 
3792 543 560 754 488 
3793 869 640 386 385 
3794 292 548 140 930 
3795 292 930 291 548 
3796 292 291 774 548 
3797 183 184 936 324 
3798 254 255 951 458 
3799 254 951 102 458 
3800 254 458 721 744 
3801 66 418 20 565 
3802 503 765 504 491 
3803 811 789 481 559 
3804 811 789 771 481 
3805 811 559 761 789 
3806 811 559 794 761 
3807 43 54 44 682 
3808 679 691 706 908 
3809 679 676 691 908 
3810 311 310 160 951 
3811 311 310 522 160 
3812 310 522 775 311 
3813 310 776 775 495 
3814 462 427 452 746 
3815 462 452 719 746 
3816 462 469 437 719 
3817 462 452 469 719 
3818 546 788 529 487 
3819 546 289 788 487 
3820 546 289 290 788 
3821 546 486 290 142 
3822 727 259 447 260 
3823 727 260 447 742 
3824 727 741 447 259 
3825 394 228 636 645 
3826 127 267 453 266 
3827 66 89 31 812 
3828 905 909 676 888 
3829 905 676 873 888 
3830 905 893 692 861 
3831 982 21 411 70 
3832 926 334 144 288 
3833 926 975 144 174 
3834 926 144 334 174 
3835 724 251 425 252 
3836 724 252 425 743 
3837 724 425 251 739 
3838 546 788 290 486 
3839 928 142 290 332 
3840 367 861 882 631 
3841 367 631 882 693 
3842 447 259 437 97 
3843 447 259 741 437 
3844 462 447 727 741 
3845 318 317 491 153 
3846 317 491 765 318 
3847 318 317 153 944 
3848 317 491 783 765 
3849 1024 276 238 384 
3850 1024 118 238 276 
3851 285 777 489 753 
3852 626 682 704 894 
3853 43 626 53 894 
3854 43 54 682 894 
3855 626 702 915 704 
3856 815 537 771 91 
3857 132 300 939 301 
3858 815 537 791 771 
3859 593 620 611 849 
3860 593 603 620 849 
3861 16 813 59 33 
3862 16 62 942 406 
3863 16 33 563 813 
3864 1001 340 207 377 
3865 1001 208 341 376 
3866 208 207 377 1001 
3867 377 376 643 208 
3868 575 610 619 826 
3869 575 826 598 610 
3870 245 8 111 942 
3871 10 245 478 733 
3872 1033 386 274 236 
3873 299 298 482 134 
3874 298 482 785 299 
3875 298 482 759 785 
3876 333 847 579 827 
3877 333 595 579 847 
3878 333 579 595 175 
3879 176 332 333 579 
3880 143 333 289 927 
3881 507 284 539 792 
3882 507 539 555 792 
3883 507 555 536 792 
3884 249 248 450 108 
3885 231 1029 391 269 
3886 231 391 392 637 
3887 1030 1074 125 124 
3888 72 421 734 711 
3889 734 729 479 263 
3890 27 920 74 82 
3891 27 81 419 1020 
3892 619 834 566 600 
3893 619 857 586 601 
3894 945 153 998 154 
3895 945 248 108 153 
3896 945 108 998 153 
3897 995 162 99 953 
3898 338 170 169 921 
3899 337 338 593 849 
3900 705 673 909 674 
3901 705 909 673 676 
3902 527 529 803 528 
3903 527 547 803 529 
3904 844 833 597 327 
3905 820 615 854 830 
3906 327 328 597 844 
3907 102 103 253 428 
3908 253 252 443 104 
3909 104 103 253 949 
3910 551 293 139 932 
3911 551 139 293 485 
3912 733 47 478 10 
3913 422 733 712 47 
3914 50 712 733 47 
3915 290 332 142 929 
3916 291 290 142 929 
3917 290 756 486 788 
3918 668 697 911 670 
3919 158 157 526 313 
3920 546 788 486 529 
3921 143 546 487 289 
3922 143 928 546 289 
3923 315 492 782 764 
3924 315 492 764 316 
3925 316 315 492 155 
3926 315 534 782 492 
3927 285 777 286 542 
3928 286 542 146 924 
3929 286 924 146 336 
3930 286 146 925 336 
3931 200 585 570 346 
3932 590 606 831 617 
3933 590 831 853 617 
3934 590 606 853 831 
3935 590 853 606 571 
3936 934 136 296 326 
3937 934 295 296 553 
3938 934 137 327 295 
3939 193 192 583 354 
3940 11 378 710 917 
3941 137 138 968 933 
3942 482 785 513 558 
3943 482 500 513 785 
3944 482 785 299 500 
3945 300 299 133 938 
3946 207 5 708 1002 
3947 918 875 52 681 
3948 340 4 622 206 
3949 489 753 554 539 
3950 507 814 283 792 
3951 700 868 916 649 
3952 700 644 868 649 
3953 700 644 680 868 
3954 502 499 506 773 
3955 503 798 504 765 
3956 502 318 773 491 
3957 502 152 318 491 
3958 672 673 872 639 
3959 672 872 673 913 
3960 672 674 694 913 
3961 1000 942 150 111 
3962 634 223 687 361 
3963 634 699 684 858 
3964 54 44 917 11 
3965 595 614 823 613 
3966 595 823 847 613 
3967 595 614 847 823 
3968 595 579 847 614 
3969 576 821 604 617 
3970 599 609 819 616 
3971 599 616 819 326 
3972 599 819 325 326 
3973 306 514 497 779 
3974 306 779 768 514 
3975 307 306 164 955 
3976 305 306 956 164 
3977 538 812 565 512 
3978 66 812 538 89 
3979 538 559 481 789 
3980 95 261 260 957 
3981 624 817 566 840 
3982 31 418 960 88 
3983 66 538 812 565 
3984 66 812 31 565 
3985 257 258 98 448 
3986 258 98 97 955 
3987 691 908 676 873 
3988 691 676 638 873 
3989 679 893 678 692 
3990 556 506 766 810 
3991 556 766 499 535 
3992 556 499 766 506 
3993 691 706 908 912 
3994 691 912 908 889 
3995 677 390 889 638 
3996 677 232 390 638 
3997 677 637 661 889 
3998 341 568 602 835 
3999 341 602 340 835 
4000 341 340 602 206 
4001 341 835 825 568 
4002 342 341 205 1003 
4003 869 668 669 640 
4004 275 750 434 716 
4005 237 236 640 386 
4006 275 434 750 439 
4007 275 119 434 439 
4008 541 796 513 540 
4009 541 767 490 508 
4010 266 720 267 453 
4011 266 128 426 453 
4012 129 128 266 1027 
4013 266 228 1027 128 
4014 344 343 824 569 
4015 824 850 569 343 
4016 824 612 851 569 
4017 824 851 612 828 
4018 824 612 848 828 
4019 200 199 585 347 
4020 345 346 200 570 
4021 200 1053 199 1008 
4022 54 682 917 44 
4023 503 506 554 795 
4024 505 554 777 795 
4025 285 542 489 777 
4026 505 777 542 488 
4027 678 219 365 632 
4028 679 678 860 632 
4029 679 905 908 893 
4030 679 678 893 860 
4031 179 572 329 584 
4032 72 421 711 71 
4033 414 30 72 479 
4034 980 922 169 149 
4035 405 980 169 3 
4036 374 375 627 865 
4037 375 374 627 210 
4038 374 627 884 865 
4039 395 880 644 645 
4040 227 395 394 1027 
4041 395 644 227 645 
4042 109 451 247 430 
4043 696 215 369 630 
4044 696 369 215 1009 
4045 722 248 247 430 
4046 722 430 247 460 
4047 1059 206 1001 205 
4048 1059 1001 207 208 
4049 722 460 737 713 
4050 81 1020 26 415 
4051 81 1020 410 419 
4052 81 1020 415 410 
4053 839 834 623 566 
4054 839 321 623 834 
4055 4 40 1060 398 
4056 758 808 517 801 
4057 786 484 758 295 
4058 934 327 137 181 
4059 423 469 726 463 
4060 423 726 747 463 
4061 423 469 747 726 
4062 423 747 442 463 
4063 423 469 452 747 
4064 292 140 931 330 
4065 293 757 485 787 
4066 140 139 293 931 
4067 293 932 329 139 
4068 293 329 931 139 
4069 878 899 658 897 
4070 878 658 651 897 
4071 878 651 900 897 
4072 878 915 900 651 
4073 283 149 922 564 
4074 148 149 921 283 
4075 507 148 489 284 
4076 266 265 129 1027 
4077 265 266 426 745 
4078 129 265 264 1025 
4079 395 227 265 1027 
4080 265 1027 227 129 
4081 265 227 1025 129 
4082 494 523 762 524 
4083 371 698 1007 213 
4084 371 629 883 698 
4085 371 883 629 863 
4086 371 629 370 863 
4087 483 784 759 511 
4088 483 759 544 511 
4089 758 296 483 784 
4090 507 536 814 792 
4091 563 813 33 535 
4092 563 499 150 320 
4093 8 942 402 399 
4094 1 150 1000 942 
4095 399 402 62 942 
4096 984 163 954 162 
4097 98 99 954 257 
4098 97 259 437 258 
4099 983 955 98 163 
4100 1010 215 369 348 
4101 1010 198 215 348 
4102 1010 198 1051 215 
4103 349 216 1010 197 
4104 358 18 415 1020 
4105 188 1020 1042 18 
4106 206 205 602 341 
4107 376 900 377 643 
4108 208 207 643 377 
4109 1001 340 206 207 
4110 206 205 341 1001 
4111 763 493 314 313 
4112 763 803 802 528 
4113 763 493 313 781 
4114 258 954 163 307 
4115 258 163 98 955 
4116 383 641 885 871 
4117 383 871 384 641 
4118 383 1035 239 277 
4119 383 641 663 885 
4120 239 238 384 1024 
4121 227 395 645 394 
4122 1078 128 1027 228 
4123 793 795 506 773 
4124 878 915 651 704 
4125 680 707 919 644 
4126 680 919 868 644 
4127 700 895 916 868 
4128 629 697 670 863 
4129 629 666 697 863 
4130 371 213 629 698 
4131 231 1030 232 1074 
4132 242 280 1037 380 
4133 242 1038 280 380 
4134 273 274 445 749 
4135 273 121 120 1032 
4136 272 273 121 440 
4137 273 1023 235 387 
4138 179 931 329 139 
4139 782 802 804 545 
4140 782 528 802 545 
4141 782 534 528 545 
4142 782 493 534 314 
4143 782 528 534 493 
4144 516 552 517 801 
4145 516 496 780 515 
4146 757 805 521 800 
4147 757 800 521 787 
4148 328 180 138 933 
4149 551 521 757 484 
4150 786 521 552 484 
4151 786 758 517 801 
4152 786 521 757 805 
4153 844 597 615 572 
4154 516 517 515 808 
4155 516 518 780 496 
4156 516 519 552 801 
4157 780 308 307 496 
4158 780 808 515 768 
4159 780 515 496 768 
4160 780 308 518 769 
4161 516 769 519 801 
4162 780 496 518 308 
4163 143 144 288 487 
4164 766 499 319 773 
4165 766 499 813 320 
4166 766 319 499 320 
4167 556 790 766 535 
4168 766 813 499 535 
4169 766 790 813 535 
4170 121 1063 1023 122 
4171 121 122 1023 272 
4172 794 761 540 772 
4173 794 501 791 760 
4174 837 358 840 624 
4175 567 838 38 816 
4176 567 622 602 835 
4177 762 807 799 523 
4178 762 775 807 523 
4179 881 907 911 670 
4180 215 214 696 1009 
4181 696 370 629 881 
4182 881 670 911 863 
4183 881 862 907 670 
4184 881 670 630 862 
4185 881 630 369 862 
4186 696 370 369 1009 
4187 1017 361 362 687 
4188 1017 355 222 362 
4189 1017 223 356 361 
4190 799 524 803 781 
4191 494 312 526 781 
4192 233 389 271 1031 
4193 233 389 1022 271 
4194 883 904 666 903 
4195 367 1011 350 217 
4196 350 349 576 197 
4197 821 831 845 617 
4198 821 853 831 617 
4199 560 532 778 488 
4200 560 778 532 533 
4201 560 797 754 778 
4202 560 754 488 778 
4203 333 175 176 579 
4204 176 332 928 333 
4205 974 174 175 927 
4206 926 174 173 975 
4207 116 278 444 277 
4208 117 1035 1068 116 
4209 498 815 301 562 
4210 918 377 900 643 
4211 31 302 960 565 
4212 20 960 565 418 
4213 906 655 885 870 
4214 612 591 828 851 
4215 612 569 591 851 
4216 612 828 591 613 
4217 598 610 843 818 
4218 598 843 608 818 
4219 598 608 610 818 
4220 186 322 938 323 
4221 598 843 826 323 
4222 925 172 146 976 
4223 925 336 146 172 
4224 925 146 145 976 
4225 288 287 145 926 
4226 611 568 592 825 
4227 611 825 620 568 
4228 611 620 825 849 
4229 611 849 825 829 
4230 22 413 477 71 
4231 971 177 930 141 
4232 521 787 549 485 
4233 521 787 800 549 
4234 521 549 800 520 
4235 231 677 391 637 
4236 233 1073 1022 234 
4237 230 229 1028 1076 
4238 255 458 101 951 
4239 255 101 160 951 
4240 255 101 952 160 
4241 310 495 309 776 
4242 255 952 101 459 
4243 255 441 458 744 
4244 717 424 440 272 
4245 424 272 122 440 
4246 1022 272 234 122 
4247 1022 234 1073 122 
4248 96 993 95 957 
4249 689 211 1005 373 
4250 689 211 373 628 
4251 374 689 1005 373 
4252 210 211 1005 689 
4253 147 146 542 924 
4254 167 992 166 958 
4255 166 167 958 303 
4256 537 557 791 771 
4257 537 557 771 481 
4258 537 771 68 481 
4259 240 382 1035 383 
4260 384 383 239 1024 
4261 227 395 1025 396 
4262 516 780 769 801 
4263 516 517 808 801 
4264 515 496 768 514 
4265 287 532 145 488 
4266 925 173 172 976 
4267 287 778 532 488 
4268 143 973 928 175 
4269 146 145 287 925 
4270 317 945 153 248 
4271 503 554 505 795 
4272 152 151 943 991 
4273 75 74 683 82 
4274 732 711 71 86 
4275 421 732 711 71 
4276 732 264 477 736 
4277 1040 244 378 282 
4278 1040 51 397 401 
4279 7 1040 1066 397 
4280 1040 9 51 401 
4281 518 308 496 162 
4282 799 547 524 525 
4283 869 887 640 669 
4284 799 523 807 525 
4285 633 362 859 891 
4286 362 363 221 633 
4287 363 1015 221 690 
4288 960 168 302 263 
4289 93 960 263 168 
4290 582 351 589 195 
4291 820 605 615 597 
4292 352 351 195 1013 
4293 195 194 582 352 
4294 928 176 142 332 
4295 926 144 975 145 
4296 142 141 486 291 
4297 184 324 937 134 
4298 133 963 938 185 
4299 184 965 936 134 
4300 184 964 937 185 
4301 133 937 185 323 
4302 822 347 571 348 
4303 822 571 853 348 
4304 822 571 347 852 
4305 158 157 313 949 
4306 156 157 948 313 
4307 700 895 625 916 
4308 895 919 680 84 
4309 538 761 559 789 
4310 227 1079 226 1025 
4311 247 246 451 110 
4312 109 108 248 944 
4313 248 247 430 109 
4314 152 944 247 318 
4315 803 788 802 529 
4316 1021 229 127 267 
4317 636 646 647 874 
4318 647 914 874 646 
4319 648 859 914 891 
4320 339 169 405 922 
4321 283 149 339 922 
4322 338 170 603 169 
4323 169 339 338 921 
4324 339 603 841 621 
4325 339 169 603 621 
4326 676 873 675 638 
4327 691 638 677 889 
4328 676 888 675 873 
4329 673 675 676 888 
4330 691 638 889 873 
4331 452 427 126 268 
4332 462 746 727 427 
4333 452 719 746 268 
4334 452 746 427 268 
4335 462 727 746 719 
4336 452 269 719 268 
4337 232 1064 124 1031 
4338 390 873 889 638 
4339 421 457 479 729 
4340 421 732 71 477 
4341 368 862 369 630 
4342 215 369 368 1010 
4343 368 216 215 1010 
4344 349 1011 368 216 
4345 634 891 858 361 
4346 648 859 633 688 
4347 144 174 974 927 
4348 925 145 173 976 
4349 926 173 335 145 
4350 197 196 350 1011 
4351 1010 197 1051 198 
4352 821 830 854 604 
4353 27 359 1020 709 
4354 27 920 709 74 
4355 358 188 18 1020 
4356 413 29 477 71 
4357 264 29 477 413 
4358 200 1008 213 1053 
4359 213 212 698 1007 
4360 1054 201 212 1007 
4361 212 1007 372 698 
4362 1054 200 201 1007 
4363 329 179 178 931 
4364 292 787 293 485 
4365 561 528 802 529 
4366 561 802 528 545 
4367 1002 5 708 407 
4368 340 403 4 1002 
4369 5 41 708 407 
4370 475 456 426 745 
4371 475 729 446 457 
4372 421 736 475 729 
4373 1050 216 1011 197 
4374 114 280 438 279 
4375 114 115 1062 1037 
4376 397 6 1066 45 
4377 1040 244 710 378 
4378 446 457 262 94 
4379 446 729 262 457 
4380 446 728 262 729 
4381 62 942 402 10 
4382 1000 399 48 1 
4383 505 795 777 798 
4384 489 284 753 539 
4385 221 220 1015 1046 
4386 221 1016 222 1045 
4387 363 221 354 1016 
4388 193 1015 353 220 
4389 466 444 751 432 
4390 466 751 715 432 
4391 260 96 436 95 
4392 447 742 260 436 
4393 260 165 305 956 
4394 189 188 601 358 
4395 364 1015 363 690 
4396 192 1015 221 354 
4397 193 220 353 1014 
4398 633 363 221 690 
4399 1016 362 222 355 
4400 592 568 204 342 
4401 364 1014 353 220 
4402 364 363 892 690 
4403 364 632 220 690 
4404 338 849 841 603 
4405 147 148 284 489 
4406 489 777 505 554 
4407 489 542 505 777 
4408 338 148 923 170 
4409 338 148 284 923 
4410 383 239 1035 240 
4411 241 381 1036 382 
4412 240 382 663 642 
4413 261 436 742 728 
4414 262 261 446 95 
4415 446 728 470 436 
4416 475 470 728 745 
4417 952 161 256 309 
4418 310 775 522 495 
4419 518 519 769 495 
4420 20 411 960 418 
4421 931 970 140 139 
4422 176 596 332 579 
4423 179 139 329 932 
4424 245 150 941 320 
4425 245 478 455 111 
4426 543 754 560 797 
4427 543 798 754 797 
4428 906 884 656 901 
4429 543 531 504 797 
4430 543 754 505 488 
4431 560 778 804 797 
4432 288 287 532 145 
4433 414 982 93 21 
4434 96 260 165 957 
4435 993 166 95 957 
4436 305 165 166 508 
4437 656 884 864 628 
4438 656 864 695 628 
4439 906 901 656 654 
4440 906 654 656 655 
4441 656 884 627 703 
4442 482 511 544 759 
4443 299 760 500 785 
4444 598 574 832 324 
4445 133 938 299 323 
4446 268 126 125 1029 
4447 747 726 469 719 
4448 423 442 747 270 
4449 710 917 682 44 
4450 710 657 378 244 
4451 1040 6 397 404 
4452 282 9 476 731 
4453 866 657 685 877 
4454 112 282 281 1039 
4455 1039 113 112 1065 
4456 184 324 323 937 
4457 135 134 544 936 
4458 298 544 936 297 
4459 936 544 135 297 
4460 135 134 936 965 
4461 42 52 681 41 
4462 516 808 780 801 
4463 307 308 162 496 
4464 307 308 954 162 
4465 393 267 1028 229 
4466 230 229 393 1028 
4467 636 645 646 880 
4468 393 890 874 659 
4469 36 564 408 2 
4470 941 246 319 151 
4471 941 999 150 111 
4472 193 192 354 1015 
4473 633 688 859 662 
4474 1049 218 1012 217 
4475 193 353 583 588 
4476 192 1015 1046 221 
4477 786 552 521 805 
4478 296 136 935 326 
4479 934 553 296 136 
4480 988 156 105 947 
4481 986 949 158 103 
4482 988 155 156 947 
4483 449 250 429 106 
4484 449 250 739 429 
4485 449 739 464 715 
4486 466 715 449 464 
4487 183 184 324 574 
4488 184 183 936 965 
4489 673 676 909 888 
4490 672 639 887 671 
4491 678 860 632 365 
4492 679 908 905 676 
4493 864 628 884 373 
4494 864 372 628 373 
4495 102 951 101 458 
4496 822 606 618 596 
4497 803 529 802 528 
4498 799 774 756 525 
4499 822 831 853 606 
4500 822 618 852 827 
4501 911 863 697 903 
4502 786 517 552 801 
4503 786 294 484 295 
4504 786 757 484 294 
4505 466 739 449 715 
4506 249 154 946 316 
4507 249 107 946 154 
4508 250 249 107 946 
4509 133 937 964 185 
4510 513 500 501 760 
4511 567 836 39 622 
4512 206 622 340 602 
4513 341 340 206 1001 
4514 377 376 208 1001 
4515 551 484 757 294 
4516 821 584 845 604 
4517 931 140 970 178 
4518 1026 416 85 409 
4519 23 226 1026 707 
4520 1026 23 707 416 
4521 1026 28 85 416 
4522 869 907 887 669 
4523 43 53 54 894 
4524 43 682 626 894 
4525 7 1040 282 112 
4526 1040 244 282 112 
4527 53 52 875 42 
4528 367 882 368 693 
4529 217 216 693 1011 
4530 627 865 658 703 
4531 627 865 650 658 
4532 627 884 865 703 
4533 627 375 650 865 
4534 689 373 884 628 
4535 205 204 568 342 
4536 204 205 1058 1003 
4537 475 736 456 745 
4538 261 262 446 728 
4539 470 471 720 453 
4540 95 94 262 958 
4541 575 834 619 600 
4542 184 574 598 324 
4543 298 936 134 324 
4544 575 826 619 834 
4545 1002 1060 4 206 
4546 1059 205 1001 208 
4547 258 259 437 741 
4548 469 448 741 726 
4549 462 471 727 447 
4550 469 437 741 448 
4551 258 437 98 448 
4552 18 1020 410 415 
4553 254 255 458 744 
4554 18 1020 1042 410 
4555 358 188 624 18 
4556 64 817 566 624 
4557 64 837 817 624 
4558 510 509 806 511 
4559 162 163 307 496 
4560 162 163 954 307 
4561 954 257 99 162 
4562 340 602 622 835 
4563 340 622 836 835 
4564 918 41 52 12 
4565 926 975 173 145 
4566 578 848 335 594 
4567 578 335 848 828 
4568 806 511 759 784 
4569 806 511 809 759 
4570 1023 234 388 272 
4571 272 273 1023 121 
4572 282 476 7 112 
4573 1040 710 6 404 
4574 527 803 524 781 
4575 494 158 526 312 
4576 527 524 526 781 
4577 874 646 902 880 
4578 874 646 914 902 
4579 375 376 1003 208 
4580 375 650 865 897 
4581 264 130 456 129 
4582 456 736 477 264 
4583 72 711 86 71 
4584 265 745 426 456 
4585 475 426 470 745 
4586 277 117 444 116 
4587 466 465 429 723 
4588 260 957 305 165 
4589 742 720 436 471 
4590 305 508 767 497 
4591 231 125 1029 269 
4592 125 1075 1029 126 
4593 503 795 798 765 
4594 502 773 319 499 
4595 192 191 355 1016 
4596 354 842 583 856 
4597 221 220 690 1015 
4598 498 791 815 537 
4599 498 791 760 300 
4600 132 300 301 498 
4601 513 785 500 760 
4602 105 251 948 252 
4603 252 104 105 425 
4604 157 949 104 252 
4605 104 443 425 252 
4606 156 157 313 493 
4607 131 939 961 187 
4608 131 940 321 187 
4609 133 132 500 300 
4610 133 482 299 500 
4611 298 482 544 759 
4612 817 839 566 834 
4613 751 444 465 431 
4614 751 444 277 432 
4615 618 585 852 827 
4616 618 852 585 571 
4617 822 606 596 846 
4618 498 501 500 760 
4619 815 537 69 562 
4620 811 791 794 501 
4621 686 685 899 658 
4622 686 899 703 658 
4623 1050 197 1011 196 
4624 794 501 540 559 
4625 898 868 880 649 
4626 240 1036 241 1067 
4627 382 240 241 642 
4628 262 457 729 263 
4629 263 262 457 94 
4630 263 262 94 959 
4631 95 94 446 262 
4632 319 943 151 246 
4633 151 152 318 502 
4634 941 151 110 246 
4635 254 311 159 951 
4636 775 522 520 523 
4637 255 101 441 459 
4638 762 524 799 781 
4639 422 735 478 455 
4640 47 402 478 10 
4641 534 493 156 314 
4642 155 156 314 534 
4643 155 156 947 314 
4644 365 366 1013 218 
4645 217 218 366 631 
4646 141 140 548 930 
4647 140 139 485 293 
4648 329 330 584 845 
4649 179 139 932 969 
4650 158 950 159 985 
4651 945 998 107 154 
4652 988 155 947 106 
4653 7 45 397 1066 
4654 824 848 612 594 
4655 286 488 146 542 
4656 705 882 909 861 
4657 678 692 861 631 
4658 673 872 909 913 
4659 405 14 621 339 
4660 232 124 270 1031 
4661 679 860 908 706 
4662 269 125 423 124 
4663 1030 232 1074 124 
4664 677 889 391 637 
4665 349 821 576 853 
4666 907 669 913 887 
4667 907 670 694 669 
4668 907 862 694 670 
4669 799 803 547 756 
4670 337 171 172 577 
4671 593 611 337 849 
4672 170 338 593 337 
4673 337 147 924 171 
4674 337 923 147 171 
4675 285 753 489 284 
4676 920 876 683 82 
4677 920 683 876 896 
4678 920 683 74 82 
4679 654 653 642 879 
4680 375 376 208 650 
4681 878 651 685 704 
4682 1002 398 1060 5 
4683 878 685 899 877 
4684 866 878 685 704 
4685 775 776 520 495 
4686 672 673 674 913 
4687 799 547 803 524 
4688 805 520 800 776 
4689 705 861 692 631 
4690 673 675 872 639 
4691 952 101 100 996 
4692 952 100 101 459 
4693 119 118 439 276 
4694 119 1034 1070 118 
4695 179 329 328 932 
4696 286 542 777 488 
4697 285 337 147 924 
4698 208 209 375 650 
4699 209 342 375 1004 
4700 593 338 170 603 
4701 209 1003 375 342 
4702 842 819 609 856 
4703 715 277 276 432 
4704 715 276 750 432 
4705 1024 239 117 277 
4706 464 750 439 432 
4707 251 250 106 947 
4708 106 105 449 251 
4709 885 641 664 871 
4710 303 304 958 166 
4711 475 728 446 729 
4712 160 159 522 311 
4713 379 378 244 1039 
4714 282 454 281 730 
4715 663 655 642 870 
4716 168 20 960 565 
4717 66 538 67 89 
4718 67 90 89 789 
4719 758 483 553 517 
4720 138 139 969 932 
4721 551 293 932 294 
4722 73 23 1080 409 
4723 264 413 22 1026 
4724 369 348 215 1009 
4725 349 348 198 1010 
4726 125 269 452 268 
4727 434 468 716 467 
4728 119 237 1070 1034 
4729 633 687 222 362 
4730 633 662 859 892 
4731 633 362 363 859 
4732 914 910 688 660 
4733 914 910 859 688 
4734 229 393 394 636 
4735 648 646 699 902 
4736 842 609 608 587 
4737 343 344 1005 202 
4738 449 251 425 739 
4739 466 715 751 723 
4740 106 105 251 947 
4741 464 715 750 432 
4742 683 701 625 876 
4743 683 701 876 896 
4744 472 725 441 459 
4745 424 472 442 748 
4746 424 748 442 271 
4747 790 770 480 810 
4748 790 480 770 60 
4749 157 493 526 313 
4750 102 997 101 951 
4751 102 103 985 950 
4752 987 948 104 105 
4753 699 898 649 684 
4754 646 902 880 649 
4755 646 880 645 649 
4756 356 357 586 857 
4757 356 818 580 355 
4758 1038 243 113 281 
4759 241 381 642 653 
4760 242 1061 1038 243 
4761 242 380 653 635 
4762 386 640 887 671 
4763 386 236 1032 274 
4764 869 911 668 886 
4765 386 887 387 671 
4766 470 728 742 436 
4767 470 720 728 745 
4768 470 471 436 720 
4769 541 767 796 772 
4770 509 809 511 558 
4771 509 767 508 497 
4772 202 201 591 345 
4773 541 490 767 772 
4774 811 771 791 557 
4775 608 580 610 818 
4776 598 574 608 832 
4777 608 843 832 818 
4778 323 185 184 937 
4779 335 173 172 925 
4780 337 171 924 172 
4781 727 471 427 746 
4782 307 306 514 164 
4783 97 259 258 955 
4784 261 95 166 957 
4785 1033 120 119 1071 
4786 434 749 716 468 
4787 434 445 274 749 
4788 716 467 443 743 
4789 716 443 468 743 
4790 716 468 443 467 
4791 421 475 457 729 
4792 72 734 30 87 
4793 421 736 729 711 
4794 264 22 130 1026 
4795 982 414 411 21 
4796 732 71 477 29 
4797 266 426 470 453 
4798 769 519 776 495 
4799 769 776 309 495 
4800 182 326 599 325 
4801 323 185 598 184 
4802 598 832 843 324 
4803 284 285 147 489 
4804 923 148 147 978 
4805 283 284 148 507 
4806 130 264 226 1025 
4807 700 625 895 680 
4808 339 169 149 921 
4809 148 149 283 507 
4810 15 283 922 564 
4811 895 625 83 76 
4812 895 625 876 83 
4813 541 558 513 796 
4814 761 772 303 512 
4815 503 773 502 506 
4816 848 336 594 577 
4817 848 607 829 577 
4818 503 795 505 798 
4819 337 577 336 829 
4820 543 504 798 797 
4821 847 827 823 614 
4822 847 614 579 827 
4823 174 334 595 333 
4824 192 193 1046 1015 
4825 193 194 1014 352 
4826 29 264 477 732 
4827 4 622 39 403 
4828 567 835 602 620 
4829 4 1002 403 398 
4830 292 140 548 485 
4831 291 548 930 141 
4832 291 141 930 331 
4833 623 600 321 187 
4834 623 566 834 600 
4835 987 156 948 105 
4836 982 960 93 168 
4837 994 97 164 956 
4838 167 303 302 959 
4839 793 792 539 753 
4840 793 554 506 795 
4841 793 555 792 810 
4842 875 681 42 52 
4843 952 996 161 160 
4844 518 769 308 309 
4845 232 231 391 1030 
4846 233 123 1064 1031 
4847 1064 123 124 1031 
4848 908 860 912 706 
4849 758 553 484 517 
4850 672 913 694 669 
4851 377 12 1002 708 
4852 611 829 337 849 
4853 689 884 656 628 
4854 212 1006 372 345 
4855 212 211 373 1006 
4856 414 88 30 960 
4857 375 374 210 1004 
4858 209 204 342 1004 
4859 286 754 287 488 
4860 137 138 933 294 
4861 137 484 295 553 
4862 294 295 137 484 
4863 327 181 934 182 
4864 366 218 1012 351 
4865 219 352 1013 365 
4866 820 605 582 615 
4867 821 845 584 617 
4868 672 639 872 887 
4869 705 909 882 674 
4870 39 57 836 816 
4871 346 347 585 852 
4872 838 56 14 38 
4873 26 358 415 1020 
4874 633 662 892 690 
4875 636 874 647 659 
4876 393 392 659 230 
4877 127 1028 267 229 
4878 231 125 1030 1074 
4879 230 126 1028 268 
4880 301 131 939 132 
4881 131 940 301 321 
4882 794 513 796 540 
4883 63 566 839 623 
4884 811 481 771 557 
4885 68 771 90 481 
4886 647 914 688 660 
4887 1021 1077 127 229 
4888 890 660 637 867 
4889 890 659 637 660 
4890 65 962 412 19 
4891 145 144 288 926 
4892 143 175 928 333 
4893 59 535 790 34 
4894 770 555 480 810 
4895 770 480 555 536 
4896 912 860 892 706 
4897 509 767 497 779 
4898 515 806 510 768 
4899 946 989 155 154 
4900 946 155 106 250 
4901 946 106 155 989 
4902 249 429 738 723 
4903 946 154 107 989 
4904 275 119 1034 237 
4905 275 1034 385 237 
4906 445 749 468 721 
4907 445 468 473 721 
4908 445 473 749 721 
4909 445 473 440 749 
4910 434 716 749 274 
4911 952 100 161 996 
4912 905 676 908 873 
4913 725 744 717 441 
4914 143 175 333 927 
4915 332 579 846 827 
4916 142 929 176 972 
4917 595 334 578 847 
4918 928 176 175 973 
4919 291 290 486 142 
4920 977 924 147 171 
4921 290 756 291 486 
4922 298 482 134 544 
4923 483 136 296 553 
4924 550 806 784 511 
4925 576 853 821 617 
4926 328 180 572 179 
4927 515 768 510 514 
4928 297 135 136 483 
4929 510 768 806 779 
4930 510 514 768 779 
4931 516 780 518 769 
4932 483 784 296 297 
4933 844 572 615 830 
4934 1 150 942 563 
4935 766 773 506 499 
4936 679 908 860 893 
4937 221 222 1016 362 
4938 691 661 912 889 
4939 1072 1032 235 236 
4940 1072 120 1032 236 
4941 592 569 850 343 
4942 202 203 343 569 
4943 595 578 334 174 
4944 654 879 642 870 
4945 686 879 654 901 
4946 242 380 1037 381 
4947 820 615 582 854 
4948 180 328 597 327 
4949 388 639 675 234 
4950 233 123 1022 1073 
4951 271 123 424 122 
4952 672 887 913 669 
4953 977 172 924 171 
4954 172 594 336 577 
4955 304 772 490 303 
4956 167 303 512 302 
4957 490 767 304 508 
4958 727 746 720 471 
4959 807 549 523 520 
4960 254 102 159 950 
4961 310 495 522 160 
4962 494 311 762 775 
4963 207 708 643 377 
4964 341 568 205 602 
4965 1059 207 1001 206 
4966 342 341 568 205 
4967 799 756 547 525 
4968 527 524 803 547 
4969 756 774 486 525 
4970 756 486 547 525 
4971 756 486 788 529 
4972 756 547 486 529 
4973 137 933 968 181 
4974 482 759 785 558 
4975 133 937 134 964 
4976 550 808 517 784 
4977 265 456 426 129 
4978 395 1025 265 227 
4979 809 796 785 558 
4980 648 902 914 646 
4981 490 767 772 304 
4982 809 785 759 558 
4983 27 359 709 920 
4984 541 809 509 558 
4985 371 213 1007 346 
4986 584 581 330 178 
4987 845 330 584 581 
4988 576 854 589 604 
4989 821 584 604 617 
4990 178 330 584 329 
4991 776 495 519 520 
4992 725 717 748 441 
4993 986 104 949 103 
4994 156 947 251 105 
4995 314 315 155 534 
4996 315 314 782 534 
4997 313 314 156 493 
4998 527 763 493 528 
4999 527 493 763 781 
5000 556 810 790 480 
5001 793 506 555 810 
5002 563 33 406 1 
5003 111 110 246 941 
5004 665 666 903 697 
5005 665 871 664 641 
5006 220 219 632 365 
5007 582 854 589 351 
5008 1013 1048 218 195 
5009 1013 218 351 195 
5010 714 278 431 279 
5011 751 714 278 431 
5012 714 465 461 431 
5013 714 465 723 738 
5014 1030 390 232 270 
5015 120 274 445 273 
5016 129 265 456 264 
5017 130 264 456 477 
5018 396 868 919 644 
5019 648 914 647 646 
5020 880 644 645 649 
5021 880 868 644 649 
5022 266 265 426 129 
5023 911 670 907 669 
5024 561 788 802 755 
5025 561 788 755 487 
5026 724 715 464 739 
5027 832 325 609 819 
5028 324 325 936 183 
5029 108 944 990 153 
5030 479 729 457 263 
5031 734 421 479 729 
5032 156 948 105 251 
5033 313 312 158 949 
5034 804 533 755 778 
5035 160 159 951 997 
5036 984 163 98 954 
5037 160 951 101 997 
5038 133 132 300 938 
5039 938 300 322 132 
5040 323 185 186 575 
5041 581 617 831 606 
5042 368 693 882 630 
5043 1017 362 222 687 
5044 633 687 362 891 
5045 806 809 509 779 
5046 842 583 609 587 
5047 633 859 363 892 
5048 859 910 662 688 
5049 516 769 518 519 
5050 516 515 780 808 
5051 496 307 768 514 
5052 347 346 200 1008 
5053 371 372 1007 698 
5054 370 371 213 629 
5055 883 666 864 628 
5056 345 346 1007 200 
5057 7 1040 401 282 
5058 1040 1066 397 6 
5059 696 214 370 1009 
5060 629 863 883 666 
5061 324 325 183 574 
5062 963 938 186 132 
5063 131 961 939 132 
5064 454 281 730 433 
5065 454 730 474 433 
5066 454 113 281 433 
5067 338 148 170 921 
5068 567 838 621 38 
5069 567 816 836 835 
5070 673 913 909 674 
5071 312 311 159 950 
5072 905 705 676 909 
5073 873 675 638 389 
5074 1060 40 5 398 
5075 204 203 1004 1057 
5076 422 474 735 455 
5077 153 152 318 944 
5078 821 845 830 604 
5079 366 367 217 631 
5080 217 218 1012 366 
5081 576 854 821 350 
5082 551 757 293 294 
5083 335 173 926 174 
5084 210 211 1056 1005 
5085 629 670 881 863 
5086 828 851 613 823 
5087 906 864 904 695 
5088 685 877 657 635 
5089 866 894 704 682 
5090 157 252 104 948 
5091 157 158 986 949 
5092 330 331 930 177 
5093 581 846 596 606 
5094 581 177 596 331 
5095 176 332 596 331 
5096 928 142 176 973 
5097 331 177 176 929 
5098 918 41 708 681 
5099 918 900 875 681 
5100 900 643 702 681 
5101 424 725 472 748 
5102 435 740 463 718 
5103 257 256 100 953 
5104 435 256 740 459 
5105 309 310 160 495 
5106 435 740 448 463 
5107 199 214 1052 1009 
5108 696 369 881 630 
5109 1055 201 202 1006 
5110 513 785 796 558 
5111 498 300 301 791 
5112 498 760 500 300 
5113 626 915 875 894 
5114 626 915 894 704 
5115 626 702 875 915 
5116 209 1057 204 1004 
5117 209 1003 204 1058 
5118 824 569 850 607 
5119 906 904 885 664 
5120 333 175 174 927 
5121 333 579 332 827 
5122 333 175 928 176 
5123 758 553 483 296 
5124 135 325 297 935 
5125 608 355 580 818 
5126 611 825 592 850 
5127 337 171 170 923 
5128 204 203 592 343 
5129 341 208 205 1003 
5130 611 577 829 607 
5131 204 203 343 1004 
5132 253 428 103 443 
5133 494 311 775 522 
5134 104 103 443 253 
5135 425 252 443 743 
5136 253 252 104 949 
5137 253 743 721 428 
5138 563 813 499 320 
5139 503 765 773 795 
5140 245 246 455 735 
5141 651 658 650 897 
5142 900 702 643 651 
5143 209 1057 1004 210 
5144 167 959 262 303 
5145 262 261 95 958 
5146 979 149 169 921 
5147 339 169 621 405 
5148 14 405 621 38 
5149 838 14 621 38 
5150 58 15 922 408 
5151 1033 275 385 237 
5152 386 236 640 671 
5153 385 640 667 886 
5154 716 468 721 743 
5155 434 467 716 750 
5156 492 764 531 545 
5157 782 492 534 545 
5158 249 107 450 429 
5159 124 123 271 1031 
5160 124 123 442 271 
5161 233 271 123 1031 
5162 1023 122 234 272 
5163 167 992 958 94 
5164 161 100 256 953 
5165 983 98 955 97 
5166 164 163 514 307 
5167 527 763 803 781 
5168 157 252 948 313 
5169 473 458 721 428 
5170 473 721 468 428 
5171 386 385 237 1033 
5172 193 1047 220 1014 
5173 355 354 587 192 
5174 353 583 855 856 
5175 389 388 234 1022 
5176 388 387 639 235 
5177 872 639 388 387 
5178 1026 707 28 416 
5179 413 85 1026 29 
5180 889 867 391 637 
5181 661 662 910 660 
5182 661 912 910 662 
5183 673 909 872 888 
5184 691 661 706 912 
5185 905 676 705 692 
5186 252 104 948 105 
5187 105 251 252 425 
5188 276 275 439 119 
5189 750 276 439 432 
5190 1020 410 24 1042 
5191 1020 709 359 225 
5192 570 613 823 614 
5193 450 461 430 738 
5194 450 429 465 738 
5195 945 154 249 316 
5196 1038 243 1061 113 
5197 1039 244 243 1065 
5198 244 6 1040 710 
5199 710 11 917 44 
5200 145 144 532 288 
5201 333 175 595 174 
5202 286 777 754 488 
5203 335 173 174 578 
5204 707 416 23 77 
5205 707 28 416 77 
5206 130 1080 226 1026 
5207 227 1079 1025 129 
5208 680 76 84 77 
5209 794 772 540 796 
5210 321 25 417 940 
5211 762 523 799 524 
5212 521 800 805 520 
5213 236 235 387 1032 
5214 236 235 671 387 
5215 527 803 763 528 
5216 527 526 493 781 
5217 494 526 524 781 
5218 276 118 432 117 
5219 466 723 751 444 
5220 751 723 465 444 
5221 328 572 180 597 
5222 298 134 936 544 
5223 133 185 938 323 
5224 260 96 97 447 
5225 94 93 263 959 
5226 164 163 307 955 
5227 875 900 702 681 
5228 39 57 13 836 
5229 567 841 620 603 
5230 340 13 622 403 
5231 1002 206 340 207 
5232 300 322 132 939 
5233 794 501 513 540 
5234 816 57 56 38 
5235 838 841 567 621 
5236 838 816 56 38 
5237 289 755 788 487 
5238 546 290 928 142 
5239 822 618 606 571 
5240 332 579 596 846 
5241 648 914 902 891 
5242 636 229 393 659 
5243 898 684 701 649 
5244 724 739 464 425 
5245 156 251 947 314 
5246 156 314 948 251 
5247 866 657 917 682 
5248 900 651 643 650 
5249 376 650 900 643 
5250 567 39 836 816 
5251 321 25 623 417 
5252 972 141 929 177 
5253 963 186 938 185 
5254 143 144 974 927 
5255 136 935 182 966 
5256 39 13 622 836 
5257 137 138 294 484 
5258 396 28 1026 707 
5259 586 189 601 357 
5260 586 601 857 357 
5261 602 568 620 835 
5262 900 915 702 651 
5263 1004 343 210 203 
5264 507 284 489 539 
5265 878 685 651 658 
5266 770 35 60 480 
5267 320 16 942 563 
5268 151 150 320 941 
5269 941 151 999 110 
5270 793 555 506 539 
5271 563 320 150 942 
5272 343 1005 210 203 
5273 374 210 689 627 
5274 342 343 592 850 
5275 994 956 164 165 
5276 261 166 304 957 
5277 959 168 263 302 
5278 167 262 959 94 
5279 253 103 158 949 
5280 473 458 441 744 
5281 977 172 146 924 
5282 17 940 412 962 
5283 575 322 834 600 
5284 108 248 944 153 
5285 110 109 247 943 
5286 78 24 410 1042 
5287 225 24 1020 709 
5288 78 1042 410 18 
5289 188 1020 358 225 
5290 224 225 359 652 
5291 199 585 347 571 
5292 811 557 501 559 
5293 683 652 701 896 
5294 75 83 625 76 
5295 920 74 683 709 
5296 75 625 83 876 
5297 599 573 616 326 
5298 609 819 616 583 
5299 1016 355 222 191 
5300 328 572 844 830 
5301 615 830 572 604 
5302 615 589 830 604 
5303 420 92 32 940 
5304 420 412 940 19 
5305 420 412 92 940 
5306 420 940 562 19 
5307 420 940 32 562 
5308 489 777 554 753 
5309 284 753 539 792 
5310 172 336 594 335 
5311 980 400 922 2 
5312 700 680 895 868 
5313 699 902 646 649 
5314 916 896 876 701 
5315 597 327 833 573 
5316 597 833 605 573 
5317 136 137 967 934 
5318 941 110 999 111 
5319 46 731 9 49 
5320 112 282 454 281 
5321 733 735 422 712 
5322 666 903 697 863 
5323 213 214 370 629 
5324 629 881 370 863 
5325 665 903 871 886 
5326 665 904 871 903 
5327 213 212 1007 1054 
5328 379 378 657 244 
5329 1038 379 243 281 
5330 11 378 1040 710 
5331 657 877 379 635 
5332 280 114 433 113 
5333 244 243 379 1039 
5334 530 504 783 491 
5335 155 154 492 316 
5336 315 155 946 250 
5337 946 989 107 106 
5338 155 947 106 250 
5339 240 1035 382 278 
5340 276 118 117 1024 
5341 240 382 383 663 
5342 271 270 124 1031 
5343 271 270 442 124 
5344 270 271 442 718 
5345 747 718 270 442 
5346 845 584 329 572 
5347 1012 351 218 195 
5348 882 862 674 913 
5349 1010 216 1051 197 
5350 882 631 674 693 
5351 4 1002 398 1060 
5352 875 702 900 915 
5353 979 169 170 921 
5354 2 149 564 922 
5355 804 764 531 797 
5356 561 487 755 533 
5357 799 807 774 525 
5358 724 467 716 743 
5359 1033 1071 119 237 
5360 275 119 1033 120 
5361 590 853 576 617 
5362 368 1011 693 216 
5363 349 368 1010 216 
5364 273 445 121 440 
5365 1024 117 1069 118 
5366 242 280 114 1037 
5367 239 238 641 384 
5368 273 235 1032 387 
5369 240 116 1035 278 
5370 507 536 564 814 
5371 167 959 981 94 
5372 734 711 421 729 
5373 980 3 405 400 
5374 405 14 339 922 
5375 169 621 405 3 
5376 1002 398 55 403 
5377 144 927 334 174 
5378 174 334 926 335 
5379 63 839 79 25 
5380 498 791 501 760 
5381 1020 359 358 225 
5382 230 1029 1075 126 
5383 232 233 1031 389 
5384 117 277 276 1024 
5385 605 616 573 833 
5386 180 968 138 933 
5387 605 855 616 833 
5388 605 588 616 855 
5389 570 823 851 345 
5390 344 373 211 1006 
5391 200 201 1007 345 
5392 570 613 591 851 
5393 360 224 634 223 
5394 652 684 896 360 
5395 652 684 701 896 
5396 634 652 224 360 
5397 652 359 360 896 
5398 277 117 116 1035 
5399 396 644 395 868 
5400 752 431 714 461 
5401 438 433 460 713 
5402 438 280 433 713 
5403 673 872 675 888 
5404 349 348 590 198 
5405 674 862 694 913 
5406 291 486 756 774 
5407 176 972 929 177 
5408 288 289 143 487 
5409 551 932 138 294 
5410 820 615 844 597 
5411 266 128 453 127 
5412 541 809 558 796 
5413 362 363 1016 221 
5414 306 164 497 514 
5415 811 791 501 557 
5416 498 501 791 557 
5417 184 134 937 964 
5418 934 136 182 967 
5419 936 325 135 183 
5420 483 759 297 544 
5421 541 772 540 490 
5422 809 759 511 558 
5423 611 825 850 829 
5424 341 376 208 1003 
5425 629 666 883 698 
5426 233 1064 232 1031 
5427 219 220 1047 1014 
5428 844 605 597 833 
5429 374 884 689 373 
5430 285 147 489 542 
5431 172 336 337 577 
5432 146 924 172 336 
5433 925 335 173 145 
5434 419 74 709 24 
5435 75 683 625 876 
5436 554 777 795 753 
5437 804 560 797 531 
5438 530 317 153 491 
5439 530 764 492 316 
5440 130 1026 226 264 
5441 396 28 707 919 
5442 127 1076 126 1028 
5443 72 30 734 479 
5444 23 226 1080 1026 
5445 540 772 761 512 
5446 490 303 772 512 
5447 167 168 981 959 
5448 134 133 482 299 
5449 589 854 830 604 
5450 615 589 854 830 
5451 674 630 694 862 
5452 630 670 694 862 
5453 394 266 1021 228 
5454 1078 227 1027 129 
5455 127 427 453 267 
5456 285 542 286 924 
5457 825 849 620 835 
5458 266 470 426 745 
5459 261 304 166 958 
5460 166 304 305 508 
5461 541 767 809 796 
5462 616 855 588 583 
5463 181 327 597 573 
5464 616 833 855 819 
5465 242 1037 114 1062 
5466 242 1062 241 1037 
5467 563 406 942 1 
5468 708 12 407 41 
5469 1002 1060 206 207 
5470 254 428 253 721 
5471 494 762 311 312 
5472 952 256 100 459 
5473 253 950 158 103 
5474 254 458 102 428 
5475 254 159 102 951 
5476 100 99 435 257 
5477 317 153 944 248 
5478 530 783 317 491 
5479 287 286 146 925 
5480 543 560 531 797 
5481 401 9 282 1040 
5482 866 915 704 894 
5483 72 734 87 711 
5484 66 31 418 565 
5485 538 761 812 512 
5486 264 29 413 1026 
5487 264 22 477 130 
5488 209 204 1003 342 
5489 212 201 1006 345 
5490 214 1053 213 1008 
5491 1055 211 212 1006 
5492 668 903 665 886 
5493 906 664 655 695 
5494 668 665 667 886 
5495 119 118 276 1034 
5496 275 119 120 434 
5497 1033 274 120 236 
5498 724 425 467 743 
5499 551 138 484 294 
5500 787 525 549 485 
5501 787 774 525 485 
5502 807 520 775 800 
5503 292 548 774 485 
5504 1070 237 238 1034 
5505 115 1067 1036 116 
5506 116 278 1036 279 
5507 178 330 329 931 
5508 931 330 140 178 
5509 333 334 595 847 
5510 599 819 609 325 
5511 384 383 641 239 
5512 422 712 735 730 
5513 102 951 159 997 
5514 100 256 435 459 
5515 747 718 463 726 
5516 1078 1027 227 228 
5517 121 1032 1072 120 
5518 125 423 452 269 
5519 392 230 1028 268 
5520 97 259 260 447 
5521 259 164 97 956 
5522 125 269 268 1029 
5523 96 165 260 956 
5524 845 330 581 831 
5525 1049 217 1012 196 
5526 634 684 360 858 
5527 648 902 699 891 
5528 258 741 448 726 
5529 257 726 448 740 
5530 518 309 161 495 
5531 308 257 954 162 
5532 1017 190 1044 191 
5533 1017 222 191 1044 
5534 678 366 218 631 
5535 218 219 365 678 
5536 192 354 221 1016 
5537 129 128 426 266 
5538 700 916 701 649 
5539 122 272 271 1022 
5540 763 802 782 528 
5541 200 199 347 1008 
5542 590 348 853 571 
5543 576 821 854 604 
5544 210 209 375 1004 
5545 208 209 1003 375 
5546 218 219 1013 365 
5547 561 755 804 533 
5548 157 949 252 313 
5549 157 104 987 948 
5550 251 250 449 106 
5551 273 235 121 1032 
5552 385 640 237 667 
5553 717 424 272 748 
5554 521 520 805 519 
5555 806 509 809 511 
5556 232 270 390 1031 
5557 678 366 893 365 
5558 892 662 632 690 
5559 661 912 889 867 
5560 582 588 605 352 
5561 352 353 193 588 
5562 842 608 355 587 
5563 99 162 257 953 
5564 988 947 105 106 
5565 443 428 468 743 
5566 425 443 467 743 
5567 449 425 251 105 
5568 722 461 752 714 
5569 381 241 242 653 
5570 199 347 214 1009 
5571 570 345 591 201 
5572 199 1052 198 1009 
5573 570 613 851 823 
5574 570 851 591 345 
5575 618 579 614 827 
5576 1026 416 409 23 
5577 414 30 479 263 
5578 699 902 858 891 
5579 266 128 127 1021 
5580 470 436 742 720 
5581 72 711 87 86 
5582 263 93 414 960 
5583 348 347 571 199 
5584 665 903 666 904 
5585 666 695 664 904 
5586 869 640 385 886 
5587 668 911 669 670 
5588 260 96 95 957 
5589 260 96 956 97 
5590 556 480 555 810 
5591 720 746 267 453 
5592 166 304 957 305 
5593 308 309 161 518 
5594 258 448 257 726 
5595 161 162 953 308 
5596 616 819 855 856 
5597 616 583 819 856 
5598 679 676 905 692 
5599 678 861 366 631 
5600 182 326 934 327 
5601 328 329 572 830 
5602 605 855 352 588 
5603 212 211 628 373 
5604 663 664 885 641 
5605 686 899 879 901 
5606 686 685 635 877 
5607 656 884 703 901 
5608 722 460 461 430 
5609 465 429 723 738 
5610 315 947 155 250 
5611 374 627 689 884 
5612 212 1007 201 345 
5613 22 130 1026 1080 
5614 394 874 636 393 
5615 230 1028 126 1076 
5616 394 228 1021 229 
5617 619 826 610 857 
5618 601 566 840 624 
5619 601 840 857 357 
5620 895 680 919 868 
5621 72 479 734 421 
5622 982 20 70 411 
5623 982 960 20 411 
5624 960 168 565 302 
5625 127 1076 1028 229 
5626 124 270 423 269 
5627 636 393 874 659 
5628 267 127 427 126 
5629 869 668 640 886 
5630 1049 1012 218 195 
5631 108 450 430 248 
5632 984 954 99 162 
5633 249 723 250 429 
5634 358 18 624 415 
5635 815 69 537 91 
5636 582 194 588 352 
5637 194 1013 195 1048 
5638 355 354 192 1016 
5639 824 612 569 607 
5640 173 594 578 335 
5641 960 418 411 88 
5642 513 785 760 796 
5643 63 79 817 80 
5644 838 339 841 621 
5645 1001 205 341 208 
5646 36 564 814 15 
5647 841 835 620 849 
5648 396 226 227 644 
5649 1026 22 409 413 
5650 916 898 896 701 
5651 531 764 783 797 
5652 383 885 663 382 
5653 503 773 506 795 
5654 249 429 450 738 
5655 504 797 531 783 
5656 530 783 764 316 
5657 1019 1041 225 224 
5658 64 80 817 837 
5659 301 32 562 815 
5660 64 415 26 624 
5661 27 709 1020 419 
5662 358 357 601 189 
5663 1019 189 224 357 
5664 920 652 683 896 
5665 294 295 933 137 
5666 299 300 500 760 
5667 770 61 35 536 
5668 186 187 939 321 
5669 133 938 963 132 
5670 186 132 322 939 
5671 619 610 586 857 
5672 575 323 598 826 
5673 223 361 360 1018 
5674 356 857 586 610 
5675 1018 360 224 357 
5676 634 684 652 360 
5677 1043 224 1018 223 
5678 31 960 418 565 
5679 786 517 484 552 
5680 327 573 326 833 
5681 532 288 755 778 
5682 560 804 778 533 
5683 107 106 429 250 
5684 1055 212 201 1006 
5685 248 247 109 944 
5686 109 108 430 248 
5687 280 281 433 713 
5688 710 44 6 404 
5689 752 438 279 431 
5690 241 1037 1062 115 
5691 113 281 433 280 
5692 452 719 747 469 
5693 993 165 166 957 
5694 258 163 955 307 
5695 677 889 390 391 
5696 235 234 639 388 
5697 153 154 945 316 
5698 804 560 531 533 
5699 906 656 695 655 
5700 205 204 342 1003 
5701 592 825 342 850 
5702 611 829 850 607 
5703 916 868 898 649 
5704 700 701 916 625 
5705 634 361 858 360 
5706 126 268 267 1028 
5707 96 994 165 956 
5708 424 748 717 441 
5709 647 874 890 659 
5710 424 442 123 271 
5711 462 741 727 719 
5712 872 675 388 639 
5713 679 860 706 632 
5714 263 93 479 414 
5715 320 16 563 813 
5716 269 270 423 747 
5717 257 256 435 100 
5718 343 342 592 204 
5719 15 283 564 814 
5720 279 115 438 114 
5721 13 340 622 836 
5722 323 324 598 843 
5723 348 349 590 853 
5724 258 98 437 97 
5725 335 336 594 848 
5726 350 351 589 854 
5727 331 177 596 176 
$EndElements
